source_marker,production_allowed,scraped_at_utc,source_provider,source_site,source_page,source_client_id,make_key,make_name,model_key,model_name,body_type_key,body_name,body_style,model_bodywork,model_type,year_from,year_to,body_power_kw_from,body_power_kw_to,engine_key,selling_name,fuel,power_hp,power_kw,drive,engine_capacity,vehicle_id_code,vehicle_manufacturer,vehicle_body_type,vehicle_power,vehicle_image_url,reference_url,detail_status,detail_error
SCRAPED_RONAL_BMF_RESEARCH_ONLY,false,2026-08-03T22:53:31.241Z,BMF Media Information Technology GmbH / ProVis4,RONAL wheel configurator,https://www.ronal-wheels.com/int/configurator-promo,RONAL-ae2f6cc4-64cd-c4ea-33a3-d38c43994ce8,Audi,Audi,E-Tron,E-Tron,K0004484,E-Tron (GE) 2019 - 2022,SUV,E-Tron,GE,2019,2022,158,158,P00044840102334,e-tron 55 Quattro,Electrical,215,158,All-wheel drive,,P00044840102334,Audi,GE,215 PS / 158 kW,https://images002.bmf-application.com/optimized/PKW/240x120/AUD129.png,https://www.ronal-wheels.com/int/configurator-promo,ok,
SCRAPED_RONAL_BMF_RESEARCH_ONLY,false,2026-08-03T22:53:31.241Z,BMF Media Information Technology GmbH / ProVis4,RONAL wheel configurator,https://www.ronal-wheels.com/int/configurator-promo,RONAL-ae2f6cc4-64cd-c4ea-33a3-d38c43994ce8,Audi,Audi,E-Tron,E-Tron,K0004484,E-Tron (GE) 2019 - 2022,SUV,E-Tron,GE,2019,2022,158,158,P00044840105668,e-tron 50 Quattro,Electrical,215,158,All-wheel drive,,P00044840105668,Audi,GE,215 PS / 158 kW,https://images002.bmf-application.com/optimized/PKW/240x120/AUD129.png,https://www.ronal-wheels.com/int/configurator-promo,ok,
SCRAPED_RONAL_BMF_RESEARCH_ONLY,false,2026-08-03T22:53:31.241Z,BMF Media Information Technology GmbH / ProVis4,RONAL wheel configurator,https://www.ronal-wheels.com/int/configurator-promo,RONAL-ae2f6cc4-64cd-c4ea-33a3-d38c43994ce8,Audi,Audi,E-Tron,E-Tron,K0004711,E-Tron (GE) 2019 - 2022,Sportback,E-Tron,GE,2019,2022,158,158,P00047110104763,e-tron Sportback 50 Quattro,Electrical,215,158,All-wheel drive,,P00047110104763,Audi,GE,215 PS / 158 kW,https://images002.bmf-application.com/optimized/PKW/240x120/AUD160.png,https://www.ronal-wheels.com/int/configurator-promo,ok,
SCRAPED_RONAL_BMF_RESEARCH_ONLY,false,2026-08-03T22:53:31.241Z,BMF Media Information Technology GmbH / ProVis4,RONAL wheel configurator,https://www.ronal-wheels.com/int/configurator-promo,RONAL-ae2f6cc4-64cd-c4ea-33a3-d38c43994ce8,Audi,Audi,E-Tron,E-Tron,K0004711,E-Tron (GE) 2019 - 2022,Sportback,E-Tron,GE,2019,2022,158,158,P00047110105667,e-tron Sportback 55 Quattro,Electrical,215,158,All-wheel drive,,P00047110105667,Audi,GE,215 PS / 158 kW,https://images002.bmf-application.com/optimized/PKW/240x120/AUD160.png,https://www.ronal-wheels.com/int/configurator-promo,ok,
SCRAPED_RONAL_BMF_RESEARCH_ONLY,false,2026-08-03T22:53:31.241Z,BMF Media Information Technology GmbH / ProVis4,RONAL wheel configurator,https://www.ronal-wheels.com/int/configurator-promo,RONAL-ae2f6cc4-64cd-c4ea-33a3-d38c43994ce8,Audi,Audi,E-Tron,E-Tron,K0004926,E-Tron GT (FW) 2021 - ,Saloon,E-Tron GT,FW,2021,,140,140,P00049260107782,E-Tron GT Quattro,Electrical,190,140,All-wheel drive,,P00049260107782,Audi,FW,190 PS / 140 kW,https://images002.bmf-application.com/optimized/PKW/240x120/AUD183.png,https://www.ronal-wheels.com/int/configurator-promo,ok,
SCRAPED_RONAL_BMF_RESEARCH_ONLY,false,2026-08-03T22:53:31.241Z,BMF Media Information Technology GmbH / ProVis4,RONAL wheel configurator,https://www.ronal-wheels.com/int/configurator-promo,RONAL-ae2f6cc4-64cd-c4ea-33a3-d38c43994ce8,Audi,Audi,E-Tron,E-Tron,K0004844,E-Tron S (GE) 2020 - 2022,SUV,E-Tron S,GE,2020,2022,226,226,P00048440105978,e-tron S,Electrical,307,226,All-wheel drive,,P00048440105978,Audi,GE,307 PS / 226 kW,https://images002.bmf-application.com/optimized/PKW/240x120/AUD173.png,https://www.ronal-wheels.com/int/configurator-promo,ok,
SCRAPED_RONAL_BMF_RESEARCH_ONLY,false,2026-08-03T22:53:31.241Z,BMF Media Information Technology GmbH / ProVis4,RONAL wheel configurator,https://www.ronal-wheels.com/int/configurator-promo,RONAL-ae2f6cc4-64cd-c4ea-33a3-d38c43994ce8,Audi,Audi,E-Tron,E-Tron,K0004845,E-Tron S Sportback (GE) 2020 - 2022,Sportback,E-Tron S Sportback,GE,2020,2022,226,226,P00048450105977,e-tron S Sportback Quattro,Electrical,307,226,All-wheel drive,,P00048450105977,Audi,GE,307 PS / 226 kW,https://images002.bmf-application.com/optimized/PKW/240x120/AUD174.png,https://www.ronal-wheels.com/int/configurator-promo,ok,
SCRAPED_RONAL_BMF_RESEARCH_ONLY,false,2026-08-03T22:53:31.241Z,BMF Media Information Technology GmbH / ProVis4,RONAL wheel configurator,https://www.ronal-wheels.com/int/configurator-promo,RONAL-ae2f6cc4-64cd-c4ea-33a3-d38c43994ce8,Audi,Audi,Q4,Q4,K0004959,Q4 e-tron (FZ) 2021 - ,SUV,Q4 e-tron,FZ,2021,,70,89,P00049590108145,Q4 35 e-tron,Electrical,95,70,rear wheel drive,,P00049590108145,Audi,FZ,95 PS / 70 kW,https://images002.bmf-application.com/optimized/PKW/240x120/AUD184.png,https://www.ronal-wheels.com/int/configurator-promo,ok,
SCRAPED_RONAL_BMF_RESEARCH_ONLY,false,2026-08-03T22:53:31.241Z,BMF Media Information Technology GmbH / ProVis4,RONAL wheel configurator,https://www.ronal-wheels.com/int/configurator-promo,RONAL-ae2f6cc4-64cd-c4ea-33a3-d38c43994ce8,Audi,Audi,Q4,Q4,K0004959,Q4 e-tron (FZ) 2021 - ,SUV,Q4 e-tron,FZ,2021,,70,89,P00049590108146,Q4 40 e-tron,Electrical,95,70,rear wheel drive,,P00049590108146,Audi,FZ,95 PS / 70 kW,https://images002.bmf-application.com/optimized/PKW/240x120/AUD184.png,https://www.ronal-wheels.com/int/configurator-promo,ok,
SCRAPED_RONAL_BMF_RESEARCH_ONLY,false,2026-08-03T22:53:31.241Z,BMF Media Information Technology GmbH / ProVis4,RONAL wheel configurator,https://www.ronal-wheels.com/int/configurator-promo,RONAL-ae2f6cc4-64cd-c4ea-33a3-d38c43994ce8,Audi,Audi,Q4,Q4,K0004959,Q4 e-tron (FZ) 2021 - ,SUV,Q4 e-tron,FZ,2021,,70,89,P00049590108246,Q4 50 e-tron Quattro,Electrical,105,77,All-wheel drive,,P00049590108246,Audi,FZ,105 PS / 77 kW,https://images002.bmf-application.com/optimized/PKW/240x120/AUD184.png,https://www.ronal-wheels.com/int/configurator-promo,ok,
SCRAPED_RONAL_BMF_RESEARCH_ONLY,false,2026-08-03T22:53:31.241Z,BMF Media Information Technology GmbH / ProVis4,RONAL wheel configurator,https://www.ronal-wheels.com/int/configurator-promo,RONAL-ae2f6cc4-64cd-c4ea-33a3-d38c43994ce8,Audi,Audi,Q4,Q4,K0004959,Q4 e-tron (FZ) 2021 - ,SUV,Q4 e-tron,FZ,2021,,70,89,P00049590108522,Q4 45 e-tron Quattro,Electrical,105,77,All-wheel drive,,P00049590108522,Audi,FZ,105 PS / 77 kW,https://images002.bmf-application.com/optimized/PKW/240x120/AUD184.png,https://www.ronal-wheels.com/int/configurator-promo,ok,
SCRAPED_RONAL_BMF_RESEARCH_ONLY,false,2026-08-03T22:53:31.241Z,BMF Media Information Technology GmbH / ProVis4,RONAL wheel configurator,https://www.ronal-wheels.com/int/configurator-promo,RONAL-ae2f6cc4-64cd-c4ea-33a3-d38c43994ce8,Audi,Audi,Q4,Q4,K0004959,Q4 e-tron (FZ) 2021 - ,SUV,Q4 e-tron,FZ,2021,,70,89,P00049590116075,Q4 55 e-tron Quattro,Electrical,105,77,All-wheel drive,,P00049590116075,Audi,FZ,105 PS / 77 kW,https://images002.bmf-application.com/optimized/PKW/240x120/AUD184.png,https://www.ronal-wheels.com/int/configurator-promo,ok,
SCRAPED_RONAL_BMF_RESEARCH_ONLY,false,2026-08-03T22:53:31.241Z,BMF Media Information Technology GmbH / ProVis4,RONAL wheel configurator,https://www.ronal-wheels.com/int/configurator-promo,RONAL-ae2f6cc4-64cd-c4ea-33a3-d38c43994ce8,Audi,Audi,Q4,Q4,K0004959,Q4 e-tron (FZ) 2021 - ,SUV,Q4 e-tron,FZ,2021,,70,89,P00049590116076,Q4 45 e-tron,Electrical,121,89,rear wheel drive,,P00049590116076,Audi,FZ,121 PS / 89 kW,https://images002.bmf-application.com/optimized/PKW/240x120/AUD184.png,https://www.ronal-wheels.com/int/configurator-promo,ok,
SCRAPED_RONAL_BMF_RESEARCH_ONLY,false,2026-08-03T22:53:31.241Z,BMF Media Information Technology GmbH / ProVis4,RONAL wheel configurator,https://www.ronal-wheels.com/int/configurator-promo,RONAL-ae2f6cc4-64cd-c4ea-33a3-d38c43994ce8,Audi,Audi,Q4,Q4,K0004974,Q4 Sportback e-tron (FZ) 2021 - ,SUV,Q4 Sportback e-tron,FZ,2021,,70,89,P00049740108247,Q4 Sportback 35 e-tron,Electrical,95,70,rear wheel drive,,P00049740108247,Audi,FZ,95 PS / 70 kW,https://images002.bmf-application.com/optimized/PKW/240x120/AUD185.png,https://www.ronal-wheels.com/int/configurator-promo,ok,
SCRAPED_RONAL_BMF_RESEARCH_ONLY,false,2026-08-03T22:53:31.241Z,BMF Media Information Technology GmbH / ProVis4,RONAL wheel configurator,https://www.ronal-wheels.com/int/configurator-promo,RONAL-ae2f6cc4-64cd-c4ea-33a3-d38c43994ce8,Audi,Audi,Q4,Q4,K0004974,Q4 Sportback e-tron (FZ) 2021 - ,SUV,Q4 Sportback e-tron,FZ,2021,,70,89,P00049740108248,Q4 Sportback 40 e-tron,Electrical,95,70,rear wheel drive,,P00049740108248,Audi,FZ,95 PS / 70 kW,https://images002.bmf-application.com/optimized/PKW/240x120/AUD185.png,https://www.ronal-wheels.com/int/configurator-promo,ok,
SCRAPED_RONAL_BMF_RESEARCH_ONLY,false,2026-08-03T22:53:31.241Z,BMF Media Information Technology GmbH / ProVis4,RONAL wheel configurator,https://www.ronal-wheels.com/int/configurator-promo,RONAL-ae2f6cc4-64cd-c4ea-33a3-d38c43994ce8,Audi,Audi,Q4,Q4,K0004974,Q4 Sportback e-tron (FZ) 2021 - ,SUV,Q4 Sportback e-tron,FZ,2021,,70,89,P00049740108249,Q4 Sportback 50 e-tron Quattro,Electrical,105,77,All-wheel drive,,P00049740108249,Audi,FZ,105 PS / 77 kW,https://images002.bmf-application.com/optimized/PKW/240x120/AUD185.png,https://www.ronal-wheels.com/int/configurator-promo,ok,
SCRAPED_RONAL_BMF_RESEARCH_ONLY,false,2026-08-03T22:53:31.241Z,BMF Media Information Technology GmbH / ProVis4,RONAL wheel configurator,https://www.ronal-wheels.com/int/configurator-promo,RONAL-ae2f6cc4-64cd-c4ea-33a3-d38c43994ce8,Audi,Audi,Q4,Q4,K0004974,Q4 Sportback e-tron (FZ) 2021 - ,SUV,Q4 Sportback e-tron,FZ,2021,,70,89,P00049740109505,Q4 Sportback 45 e-tron Quattro,Electrical,105,77,All-wheel drive,,P00049740109505,Audi,FZ,105 PS / 77 kW,https://images002.bmf-application.com/optimized/PKW/240x120/AUD185.png,https://www.ronal-wheels.com/int/configurator-promo,ok,
SCRAPED_RONAL_BMF_RESEARCH_ONLY,false,2026-08-03T22:53:31.241Z,BMF Media Information Technology GmbH / ProVis4,RONAL wheel configurator,https://www.ronal-wheels.com/int/configurator-promo,RONAL-ae2f6cc4-64cd-c4ea-33a3-d38c43994ce8,Audi,Audi,Q4,Q4,K0004974,Q4 Sportback e-tron (FZ) 2021 - ,SUV,Q4 Sportback e-tron,FZ,2021,,70,89,P00049740116073,Q4 Sportback 55 e-tron Quattro,Electrical,105,77,All-wheel drive,,P00049740116073,Audi,FZ,105 PS / 77 kW,https://images002.bmf-application.com/optimized/PKW/240x120/AUD185.png,https://www.ronal-wheels.com/int/configurator-promo,ok,
SCRAPED_RONAL_BMF_RESEARCH_ONLY,false,2026-08-03T22:53:31.241Z,BMF Media Information Technology GmbH / ProVis4,RONAL wheel configurator,https://www.ronal-wheels.com/int/configurator-promo,RONAL-ae2f6cc4-64cd-c4ea-33a3-d38c43994ce8,Audi,Audi,Q4,Q4,K0004974,Q4 Sportback e-tron (FZ) 2021 - ,SUV,Q4 Sportback e-tron,FZ,2021,,70,89,P00049740116074,Q4 Sportback 45 e-tron,Electrical,121,89,rear wheel drive,,P00049740116074,Audi,FZ,121 PS / 89 kW,https://images002.bmf-application.com/optimized/PKW/240x120/AUD185.png,https://www.ronal-wheels.com/int/configurator-promo,ok,
SCRAPED_RONAL_BMF_RESEARCH_ONLY,false,2026-08-03T22:53:31.241Z,BMF Media Information Technology GmbH / ProVis4,RONAL wheel configurator,https://www.ronal-wheels.com/int/configurator-promo,RONAL-ae2f6cc4-64cd-c4ea-33a3-d38c43994ce8,Audi,Audi,Q8,Q8,K0005180,Q8 e-tron (GE/Facelift) 2022 - 2025,SUV,Q8 e-tron,GE,2022,2025,158,158,P00051800110650,Q8 50 e-tron Quattro,Electrical,215,158,All-wheel drive,,P00051800110650,Audi,GE,215 PS / 158 kW,https://images002.bmf-application.com/optimized/PKW/240x120/AUD193.png,https://www.ronal-wheels.com/int/configurator-promo,ok,
SCRAPED_RONAL_BMF_RESEARCH_ONLY,false,2026-08-03T22:53:31.241Z,BMF Media Information Technology GmbH / ProVis4,RONAL wheel configurator,https://www.ronal-wheels.com/int/configurator-promo,RONAL-ae2f6cc4-64cd-c4ea-33a3-d38c43994ce8,Audi,Audi,Q8,Q8,K0005180,Q8 e-tron (GE/Facelift) 2022 - 2025,SUV,Q8 e-tron,GE,2022,2025,158,158,P00051800110651,Q8 55 e-tron Quattro,Electrical,215,158,All-wheel drive,,P00051800110651,Audi,GE,215 PS / 158 kW,https://images002.bmf-application.com/optimized/PKW/240x120/AUD193.png,https://www.ronal-wheels.com/int/configurator-promo,ok,
SCRAPED_RONAL_BMF_RESEARCH_ONLY,false,2026-08-03T22:53:31.241Z,BMF Media Information Technology GmbH / ProVis4,RONAL wheel configurator,https://www.ronal-wheels.com/int/configurator-promo,RONAL-ae2f6cc4-64cd-c4ea-33a3-d38c43994ce8,Audi,Audi,Q8,Q8,K0005180,Q8 e-tron (GE/Facelift) 2022 - 2025,SUV,Q8 e-tron,GE,2022,2025,158,158,P00051800124421,Q8 e-tron Comp Quattro,Electrical,215,158,All-wheel drive,,P00051800124421,Audi,GE,215 PS / 158 kW,https://images002.bmf-application.com/optimized/PKW/240x120/AUD193.png,https://www.ronal-wheels.com/int/configurator-promo,ok,
SCRAPED_RONAL_BMF_RESEARCH_ONLY,false,2026-08-03T22:53:31.241Z,BMF Media Information Technology GmbH / ProVis4,RONAL wheel configurator,https://www.ronal-wheels.com/int/configurator-promo,RONAL-ae2f6cc4-64cd-c4ea-33a3-d38c43994ce8,Audi,Audi,Q8,Q8,K0005181,Q8 Sportback e-tron (GE/Facelift) 2022 - 2025,SUV,Q8 Sportback e-tron,GE,2022,2025,158,158,P00051810110652,Q8 Sportback 50 e-tron Quattro,Electrical,215,158,All-wheel drive,,P00051810110652,Audi,GE,215 PS / 158 kW,https://images002.bmf-application.com/optimized/PKW/240x120/AUD194.png,https://www.ronal-wheels.com/int/configurator-promo,ok,
SCRAPED_RONAL_BMF_RESEARCH_ONLY,false,2026-08-03T22:53:31.241Z,BMF Media Information Technology GmbH / ProVis4,RONAL wheel configurator,https://www.ronal-wheels.com/int/configurator-promo,RONAL-ae2f6cc4-64cd-c4ea-33a3-d38c43994ce8,Audi,Audi,Q8,Q8,K0005181,Q8 Sportback e-tron (GE/Facelift) 2022 - 2025,SUV,Q8 Sportback e-tron,GE,2022,2025,158,158,P00051810110653,Q8 Sportback 55 e-tron Quattro,Electrical,215,158,All-wheel drive,,P00051810110653,Audi,GE,215 PS / 158 kW,https://images002.bmf-application.com/optimized/PKW/240x120/AUD194.png,https://www.ronal-wheels.com/int/configurator-promo,ok,
SCRAPED_RONAL_BMF_RESEARCH_ONLY,false,2026-08-03T22:53:31.241Z,BMF Media Information Technology GmbH / ProVis4,RONAL wheel configurator,https://www.ronal-wheels.com/int/configurator-promo,RONAL-ae2f6cc4-64cd-c4ea-33a3-d38c43994ce8,Audi,Audi,Q8,Q8,K0005181,Q8 Sportback e-tron (GE/Facelift) 2022 - 2025,SUV,Q8 Sportback e-tron,GE,2022,2025,158,158,P00051810124420,Q8 Sportback e-tron Comp Quattro,Electrical,215,158,All-wheel drive,,P00051810124420,Audi,GE,215 PS / 158 kW,https://images002.bmf-application.com/optimized/PKW/240x120/AUD194.png,https://www.ronal-wheels.com/int/configurator-promo,ok,
SCRAPED_RONAL_BMF_RESEARCH_ONLY,false,2026-08-03T22:53:31.241Z,BMF Media Information Technology GmbH / ProVis4,RONAL wheel configurator,https://www.ronal-wheels.com/int/configurator-promo,RONAL-ae2f6cc4-64cd-c4ea-33a3-d38c43994ce8,Audi,Audi,Q8,Q8,K0005178,SQ8 e-tron (GE/Facelift) 2022 - 2025,SUV,SQ8 e-tron,GE,2022,2025,226,226,P00051780110648,SQ8 e-tron Quattro,Electrical,307,226,All-wheel drive,,P00051780110648,Audi,GE,307 PS / 226 kW,https://images002.bmf-application.com/optimized/PKW/240x120/AUD195.png,https://www.ronal-wheels.com/int/configurator-promo,ok,
SCRAPED_RONAL_BMF_RESEARCH_ONLY,false,2026-08-03T22:53:31.241Z,BMF Media Information Technology GmbH / ProVis4,RONAL wheel configurator,https://www.ronal-wheels.com/int/configurator-promo,RONAL-ae2f6cc4-64cd-c4ea-33a3-d38c43994ce8,Audi,Audi,Q8,Q8,K0005179,SQ8 Sportback e-tron (GE/Facelift) 2022 - 2025,SUV,SQ8 Sportback e-tron,GE,2022,2025,226,226,P00051790110649,SQ8 Sportback e-tron Quattro,Electrical,307,226,All-wheel drive,,P00051790110649,Audi,GE,307 PS / 226 kW,https://images002.bmf-application.com/optimized/PKW/240x120/AUD196.png,https://www.ronal-wheels.com/int/configurator-promo,ok,
SCRAPED_RONAL_BMF_RESEARCH_ONLY,false,2026-08-03T22:53:31.241Z,BMF Media Information Technology GmbH / ProVis4,RONAL wheel configurator,https://www.ronal-wheels.com/int/configurator-promo,RONAL-ae2f6cc4-64cd-c4ea-33a3-d38c43994ce8,Audi,Audi,RS%20E-Tron,RS E-Tron,K0004927,RS E-Tron (FW) 2021 - ,Saloon,RS E-Tron,FW,2021,,142,142,P00049270107783,RS e-tron GT Quattro,Electrical,193,142,All-wheel drive,,P00049270107783,Audi,FW,193 PS / 142 kW,https://images002.bmf-application.com/optimized/PKW/240x120/AUD182.png,https://www.ronal-wheels.com/int/configurator-promo,ok,
SCRAPED_RONAL_BMF_RESEARCH_ONLY,false,2026-08-03T22:53:31.241Z,BMF Media Information Technology GmbH / ProVis4,RONAL wheel configurator,https://www.ronal-wheels.com/int/configurator-promo,RONAL-ae2f6cc4-64cd-c4ea-33a3-d38c43994ce8,BMW,BMW,i4,i4,K0005039,i4 (G4C) 2021 - 2024,Coupe,i4,G4C,2021,2024,80,105,P00050390108991,i4 eDrive40,Electrical,143,105,rear wheel drive,,P00050390108991,BMW,G4C,143 PS / 105 kW,https://images002.bmf-application.com/optimized/PKW/240x120/BMW141.png,https://www.ronal-wheels.com/int/configurator-promo,ok,
SCRAPED_RONAL_BMF_RESEARCH_ONLY,false,2026-08-03T22:53:31.241Z,BMF Media Information Technology GmbH / ProVis4,RONAL wheel configurator,https://www.ronal-wheels.com/int/configurator-promo,RONAL-ae2f6cc4-64cd-c4ea-33a3-d38c43994ce8,BMW,BMW,i4,i4,K0005039,i4 (G4C) 2021 - 2024,Coupe,i4,G4C,2021,2024,80,105,P00050390110491,i4 eDrive35,Electrical,109,80,rear wheel drive,,P00050390110491,BMW,G4C,109 PS / 80 kW,https://images002.bmf-application.com/optimized/PKW/240x120/BMW141.png,https://www.ronal-wheels.com/int/configurator-promo,ok,
SCRAPED_RONAL_BMF_RESEARCH_ONLY,false,2026-08-03T22:53:31.241Z,BMF Media Information Technology GmbH / ProVis4,RONAL wheel configurator,https://www.ronal-wheels.com/int/configurator-promo,RONAL-ae2f6cc4-64cd-c4ea-33a3-d38c43994ce8,BMW,BMW,i4,i4,K0005722,i4 (G4C/Facelift) 2024 - ,Coupe,i4,G4C,2024,,80,125,P00057220126719,i4 xDrive40,Electrical,170,125,All-wheel drive,,P00057220126719,BMW,G4C,170 PS / 125 kW,https://images002.bmf-application.com/optimized/PKW/240x120/BMW199.png,https://www.ronal-wheels.com/int/configurator-promo,ok,
SCRAPED_RONAL_BMF_RESEARCH_ONLY,false,2026-08-03T22:53:31.241Z,BMF Media Information Technology GmbH / ProVis4,RONAL wheel configurator,https://www.ronal-wheels.com/int/configurator-promo,RONAL-ae2f6cc4-64cd-c4ea-33a3-d38c43994ce8,BMW,BMW,i4,i4,K0005722,i4 (G4C/Facelift) 2024 - ,Coupe,i4,G4C,2024,,80,125,P00057220127425,i4 eDrive35,Electrical,116,85,rear wheel drive,,P00057220127425,BMW,G4C,116 PS / 85 kW,https://images002.bmf-application.com/optimized/PKW/240x120/BMW199.png,https://www.ronal-wheels.com/int/configurator-promo,ok,
SCRAPED_RONAL_BMF_RESEARCH_ONLY,false,2026-08-03T22:53:31.241Z,BMF Media Information Technology GmbH / ProVis4,RONAL wheel configurator,https://www.ronal-wheels.com/int/configurator-promo,RONAL-ae2f6cc4-64cd-c4ea-33a3-d38c43994ce8,BMW,BMW,i4,i4,K0005722,i4 (G4C/Facelift) 2024 - ,Coupe,i4,G4C,2024,,80,125,P00057220127840,i4 eDrive35,Electrical,109,80,rear wheel drive,,P00057220127840,BMW,G4C,109 PS / 80 kW,https://images002.bmf-application.com/optimized/PKW/240x120/BMW199.png,https://www.ronal-wheels.com/int/configurator-promo,ok,
SCRAPED_RONAL_BMF_RESEARCH_ONLY,false,2026-08-03T22:53:31.241Z,BMF Media Information Technology GmbH / ProVis4,RONAL wheel configurator,https://www.ronal-wheels.com/int/configurator-promo,RONAL-ae2f6cc4-64cd-c4ea-33a3-d38c43994ce8,BMW,BMW,i4,i4,K0005722,i4 (G4C/Facelift) 2024 - ,Coupe,i4,G4C,2024,,80,125,P00057220127841,i4 eDrive40,Electrical,143,105,rear wheel drive,,P00057220127841,BMW,G4C,143 PS / 105 kW,https://images002.bmf-application.com/optimized/PKW/240x120/BMW199.png,https://www.ronal-wheels.com/int/configurator-promo,ok,
SCRAPED_RONAL_BMF_RESEARCH_ONLY,false,2026-08-03T22:53:31.241Z,BMF Media Information Technology GmbH / ProVis4,RONAL wheel configurator,https://www.ronal-wheels.com/int/configurator-promo,RONAL-ae2f6cc4-64cd-c4ea-33a3-d38c43994ce8,BMW,BMW,i4,i4,K0005092,i4 M (G4C) 2021 - 2024,Coupe,i4 M,G4C,2021,2024,125,125,P00050920108992,i4 M50 xDrive,Electrical,170,125,All-wheel drive,,P00050920108992,BMW,G4C,170 PS / 125 kW,https://images002.bmf-application.com/optimized/PKW/240x120/BMW144.png,https://www.ronal-wheels.com/int/configurator-promo,ok,
SCRAPED_RONAL_BMF_RESEARCH_ONLY,false,2026-08-03T22:53:31.241Z,BMF Media Information Technology GmbH / ProVis4,RONAL wheel configurator,https://www.ronal-wheels.com/int/configurator-promo,RONAL-ae2f6cc4-64cd-c4ea-33a3-d38c43994ce8,BMW,BMW,i4,i4,K0005723,i4 M (G4C/Facelift) 2024 - ,Coupe,i4 M,G4C,2024,,125,145,P00057230127426,i4 M60 xDrive,Electrical,197,145,All-wheel drive,,P00057230127426,BMW,G4C,197 PS / 145 kW,https://images002.bmf-application.com/optimized/PKW/240x120/BMW200.png,https://www.ronal-wheels.com/int/configurator-promo,ok,
SCRAPED_RONAL_BMF_RESEARCH_ONLY,false,2026-08-03T22:53:31.241Z,BMF Media Information Technology GmbH / ProVis4,RONAL wheel configurator,https://www.ronal-wheels.com/int/configurator-promo,RONAL-ae2f6cc4-64cd-c4ea-33a3-d38c43994ce8,BMW,BMW,i4,i4,K0005723,i4 M (G4C/Facelift) 2024 - ,Coupe,i4 M,G4C,2024,,125,145,P00057230127839,i4 M50 xDrive,Electrical,170,125,All-wheel drive,,P00057230127839,BMW,G4C,170 PS / 125 kW,https://images002.bmf-application.com/optimized/PKW/240x120/BMW200.png,https://www.ronal-wheels.com/int/configurator-promo,ok,
SCRAPED_RONAL_BMF_RESEARCH_ONLY,false,2026-08-03T22:53:31.241Z,BMF Media Information Technology GmbH / ProVis4,RONAL wheel configurator,https://www.ronal-wheels.com/int/configurator-promo,RONAL-ae2f6cc4-64cd-c4ea-33a3-d38c43994ce8,BMW,BMW,i5,i5,K0005291,i5 (G6E) 2023 - ,Saloon,i5,G6E,2023,,105,105,P00052910111290,i5 eDrive40,Electrical,143,105,rear wheel drive,,P00052910111290,BMW,G6E,143 PS / 105 kW,https://images002.bmf-application.com/optimized/PKW/240x120/BMW181E.png,https://www.ronal-wheels.com/int/configurator-promo,ok,
SCRAPED_RONAL_BMF_RESEARCH_ONLY,false,2026-08-03T22:53:31.241Z,BMF Media Information Technology GmbH / ProVis4,RONAL wheel configurator,https://www.ronal-wheels.com/int/configurator-promo,RONAL-ae2f6cc4-64cd-c4ea-33a3-d38c43994ce8,BMW,BMW,i5,i5,K0005421,i5 Touring (G6E) 2024 - ,Estate,i5 Touring,G6E,2024,,105,127,P00054210123740,i5 eDrive40 Touring,Electrical,143,105,rear wheel drive,,P00054210123740,BMW,G6E,143 PS / 105 kW,https://images002.bmf-application.com/optimized/PKW/240x120/BMW192I.png,https://www.ronal-wheels.com/int/configurator-promo,ok,
SCRAPED_RONAL_BMF_RESEARCH_ONLY,false,2026-08-03T22:53:31.241Z,BMF Media Information Technology GmbH / ProVis4,RONAL wheel configurator,https://www.ronal-wheels.com/int/configurator-promo,RONAL-ae2f6cc4-64cd-c4ea-33a3-d38c43994ce8,BMW,BMW,i5,i5,K0005421,i5 Touring (G6E) 2024 - ,Estate,i5 Touring,G6E,2024,,105,127,P00054210126340,i5 xDrive40 Touring,Electrical,173,127,All-wheel drive,,P00054210126340,BMW,G6E,173 PS / 127 kW,https://images002.bmf-application.com/optimized/PKW/240x120/BMW192I.png,https://www.ronal-wheels.com/int/configurator-promo,ok,
SCRAPED_RONAL_BMF_RESEARCH_ONLY,false,2026-08-03T22:53:31.241Z,BMF Media Information Technology GmbH / ProVis4,RONAL wheel configurator,https://www.ronal-wheels.com/int/configurator-promo,RONAL-ae2f6cc4-64cd-c4ea-33a3-d38c43994ce8,BMW,BMW,i7,i7,K0005147,i7 (G7L) 2022 - 2026,Saloon,i7,G7L,2022,2026,125,135,P00051470110129,i7 xDrive60,Electrical,184,135,All-wheel drive,,P00051470110129,BMW,G7L,184 PS / 135 kW,https://images002.bmf-application.com/optimized/PKW/240x120/BMW156.png,https://www.ronal-wheels.com/int/configurator-promo,ok,
SCRAPED_RONAL_BMF_RESEARCH_ONLY,false,2026-08-03T22:53:31.241Z,BMF Media Information Technology GmbH / ProVis4,RONAL wheel configurator,https://www.ronal-wheels.com/int/configurator-promo,RONAL-ae2f6cc4-64cd-c4ea-33a3-d38c43994ce8,BMW,BMW,i7,i7,K0005147,i7 (G7L) 2022 - 2026,Saloon,i7,G7L,2022,2026,125,135,P00051470111276,i7 eDrive50,Electrical,170,125,rear wheel drive,,P00051470111276,BMW,G7L,170 PS / 125 kW,https://images002.bmf-application.com/optimized/PKW/240x120/BMW156.png,https://www.ronal-wheels.com/int/configurator-promo,ok,
SCRAPED_RONAL_BMF_RESEARCH_ONLY,false,2026-08-03T22:53:31.241Z,BMF Media Information Technology GmbH / ProVis4,RONAL wheel configurator,https://www.ronal-wheels.com/int/configurator-promo,RONAL-ae2f6cc4-64cd-c4ea-33a3-d38c43994ce8,BMW,BMW,iX,iX,K0004987,iX (BMWi-N) 2021 - 2025,SUV,iX,BMWi-N,2021,2025,102,140,P00049870108465,iX xDrive40,Electrical,139,102,All-wheel drive,,P00049870108465,BMW,BMWi-N,139 PS / 102 kW,https://images002.bmf-application.com/optimized/PKW/240x120/BMW140.png,https://www.ronal-wheels.com/int/configurator-promo,ok,
SCRAPED_RONAL_BMF_RESEARCH_ONLY,false,2026-08-03T22:53:31.241Z,BMF Media Information Technology GmbH / ProVis4,RONAL wheel configurator,https://www.ronal-wheels.com/int/configurator-promo,RONAL-ae2f6cc4-64cd-c4ea-33a3-d38c43994ce8,BMW,BMW,iX,iX,K0004987,iX (BMWi-N) 2021 - 2025,SUV,iX,BMWi-N,2021,2025,102,140,P00049870108466,iX xDrive50,Electrical,190,140,All-wheel drive,,P00049870108466,BMW,BMWi-N,190 PS / 140 kW,https://images002.bmf-application.com/optimized/PKW/240x120/BMW140.png,https://www.ronal-wheels.com/int/configurator-promo,ok,
SCRAPED_RONAL_BMF_RESEARCH_ONLY,false,2026-08-03T22:53:31.241Z,BMF Media Information Technology GmbH / ProVis4,RONAL wheel configurator,https://www.ronal-wheels.com/int/configurator-promo,RONAL-ae2f6cc4-64cd-c4ea-33a3-d38c43994ce8,BMW,BMW,iX,iX,K0005719,iX (BMWi-N/Facelift) 2025 - ,SUV,iX,BMWi-N,2025,,135,150,P00057190126882,iX xDrive45,Electrical,184,135,All-wheel drive,,P00057190126882,BMW,BMWi-N,184 PS / 135 kW,https://images002.bmf-application.com/optimized/PKW/240x120/BMW205.png,https://www.ronal-wheels.com/int/configurator-promo,ok,
SCRAPED_RONAL_BMF_RESEARCH_ONLY,false,2026-08-03T22:53:31.241Z,BMF Media Information Technology GmbH / ProVis4,RONAL wheel configurator,https://www.ronal-wheels.com/int/configurator-promo,RONAL-ae2f6cc4-64cd-c4ea-33a3-d38c43994ce8,BMW,BMW,iX,iX,K0005719,iX (BMWi-N/Facelift) 2025 - ,SUV,iX,BMWi-N,2025,,135,150,P00057190126883,iX xDrive60,Electrical,204,150,All-wheel drive,,P00057190126883,BMW,BMWi-N,204 PS / 150 kW,https://images002.bmf-application.com/optimized/PKW/240x120/BMW205.png,https://www.ronal-wheels.com/int/configurator-promo,ok,
SCRAPED_RONAL_BMF_RESEARCH_ONLY,false,2026-08-03T22:53:31.241Z,BMF Media Information Technology GmbH / ProVis4,RONAL wheel configurator,https://www.ronal-wheels.com/int/configurator-promo,RONAL-ae2f6cc4-64cd-c4ea-33a3-d38c43994ce8,BMW,BMW,iX1,iX1,K0005152,iX1 (U1X) 2022 - ,SUV,iX1,U1X,2022,,68,104,P00051520110499,iX1 xDrive30,Electrical,128,94,All-wheel drive,,P00051520110499,BMW,U1X,128 PS / 94 kW,https://images002.bmf-application.com/optimized/PKW/240x120/BMW154.png,https://www.ronal-wheels.com/int/configurator-promo,ok,
SCRAPED_RONAL_BMF_RESEARCH_ONLY,false,2026-08-03T22:53:31.241Z,BMF Media Information Technology GmbH / ProVis4,RONAL wheel configurator,https://www.ronal-wheels.com/int/configurator-promo,RONAL-ae2f6cc4-64cd-c4ea-33a3-d38c43994ce8,BMW,BMW,iX1,iX1,K0005152,iX1 (U1X) 2022 - ,SUV,iX1,U1X,2022,,68,104,P00051520122193,iX1 eDrive20,Electrical,92,68,front wheel drive ,,P00051520122193,BMW,U1X,92 PS / 68 kW,https://images002.bmf-application.com/optimized/PKW/240x120/BMW154.png,https://www.ronal-wheels.com/int/configurator-promo,ok,
SCRAPED_RONAL_BMF_RESEARCH_ONLY,false,2026-08-03T22:53:31.241Z,BMF Media Information Technology GmbH / ProVis4,RONAL wheel configurator,https://www.ronal-wheels.com/int/configurator-promo,RONAL-ae2f6cc4-64cd-c4ea-33a3-d38c43994ce8,BMW,BMW,iX1,iX1,K0005152,iX1 (U1X) 2022 - ,SUV,iX1,U1X,2022,,68,104,P00051520122202,iX1 xDrive30,Electrical,141,104,All-wheel drive,,P00051520122202,BMW,U1X,141 PS / 104 kW,https://images002.bmf-application.com/optimized/PKW/240x120/BMW154.png,https://www.ronal-wheels.com/int/configurator-promo,ok,
SCRAPED_RONAL_BMF_RESEARCH_ONLY,false,2026-08-03T22:53:31.241Z,BMF Media Information Technology GmbH / ProVis4,RONAL wheel configurator,https://www.ronal-wheels.com/int/configurator-promo,RONAL-ae2f6cc4-64cd-c4ea-33a3-d38c43994ce8,BMW,BMW,iX2,iX2,K0005360,iX2 (U2X) 2023 - ,SUV,iX2,U2X,2023,,68,104,P00053600122203,iX2 xDrive30,Electrical,141,104,All-wheel drive,,P00053600122203,BMW,U2X,141 PS / 104 kW,https://images002.bmf-application.com/optimized/PKW/240x120/BMW184.png,https://www.ronal-wheels.com/int/configurator-promo,ok,
SCRAPED_RONAL_BMF_RESEARCH_ONLY,false,2026-08-03T22:53:31.241Z,BMF Media Information Technology GmbH / ProVis4,RONAL wheel configurator,https://www.ronal-wheels.com/int/configurator-promo,RONAL-ae2f6cc4-64cd-c4ea-33a3-d38c43994ce8,BMW,BMW,iX2,iX2,K0005360,iX2 (U2X) 2023 - ,SUV,iX2,U2X,2023,,68,104,P00053600123840,iX2 eDrive20,Electrical,92,68,front wheel drive ,,P00053600123840,BMW,U2X,92 PS / 68 kW,https://images002.bmf-application.com/optimized/PKW/240x120/BMW184.png,https://www.ronal-wheels.com/int/configurator-promo,ok,
SCRAPED_RONAL_BMF_RESEARCH_ONLY,false,2026-08-03T22:53:31.241Z,BMF Media Information Technology GmbH / ProVis4,RONAL wheel configurator,https://www.ronal-wheels.com/int/configurator-promo,RONAL-ae2f6cc4-64cd-c4ea-33a3-d38c43994ce8,BMW,BMW,iX3,iX3,K0004810,iX3 (G3XE) 2021 - 2025,SUV,iX3,G3XE,2021,2025,80,80,P00048100106173,iX3 (210 kW),Electrical,109,80,rear wheel drive,,P00048100106173,BMW,G3XE,109 PS / 80 kW,https://images002.bmf-application.com/optimized/PKW/240x120/BMW129.png,https://www.ronal-wheels.com/int/configurator-promo,ok,
SCRAPED_RONAL_BMF_RESEARCH_ONLY,false,2026-08-03T22:53:31.241Z,BMF Media Information Technology GmbH / ProVis4,RONAL wheel configurator,https://www.ronal-wheels.com/int/configurator-promo,RONAL-ae2f6cc4-64cd-c4ea-33a3-d38c43994ce8,BYD,BYD,Atto%202,Atto 2,K0005613,Atto 2 (SC3E) 2025 - ,SUV,Atto 2,SC3E,2025,,65,65,P00056130126609,Atto 2,Electrical,88,65,front wheel drive ,,P00056130126609,BYD,SC3E,88 PS / 65 kW,https://images002.bmf-application.com/optimized/PKW/240x120/BYD005.png,https://www.ronal-wheels.com/int/configurator-promo,ok,
SCRAPED_RONAL_BMF_RESEARCH_ONLY,false,2026-08-03T22:53:31.241Z,BMF Media Information Technology GmbH / ProVis4,RONAL wheel configurator,https://www.ronal-wheels.com/int/configurator-promo,RONAL-ae2f6cc4-64cd-c4ea-33a3-d38c43994ce8,BYD,BYD,Atto%203,Atto 3,K0005185,Atto 3 (SC2E) 2022 - ,SUV,Atto 3,SC2E,2022,,65,65,P00051850110671,Atto 3,Electrical,88,65,front wheel drive ,,P00051850110671,BYD,SC2E,88 PS / 65 kW,https://images002.bmf-application.com/optimized/PKW/240x120/BYD001.png,https://www.ronal-wheels.com/int/configurator-promo,ok,
SCRAPED_RONAL_BMF_RESEARCH_ONLY,false,2026-08-03T22:53:31.241Z,BMF Media Information Technology GmbH / ProVis4,RONAL wheel configurator,https://www.ronal-wheels.com/int/configurator-promo,RONAL-ae2f6cc4-64cd-c4ea-33a3-d38c43994ce8,BYD,BYD,Dolphin,Dolphin,K0005316,Dolphin (EM2E-1) 2023 - ,Saloon,Dolphin,EM2E-1,2023,,35,65,P00053160111610,Dolphin,Electrical,48,35,front wheel drive ,,P00053160111610,BYD,EM2E-1,48 PS / 35 kW,https://images002.bmf-application.com/optimized/PKW/240x120/BYD008.png,https://www.ronal-wheels.com/int/configurator-promo,ok,
SCRAPED_RONAL_BMF_RESEARCH_ONLY,false,2026-08-03T22:53:31.241Z,BMF Media Information Technology GmbH / ProVis4,RONAL wheel configurator,https://www.ronal-wheels.com/int/configurator-promo,RONAL-ae2f6cc4-64cd-c4ea-33a3-d38c43994ce8,BYD,BYD,Dolphin,Dolphin,K0005316,Dolphin (EM2E-1) 2023 - ,Saloon,Dolphin,EM2E-1,2023,,35,65,P00053160111612,Dolphin,Electrical,88,65,front wheel drive ,,P00053160111612,BYD,EM2E-1,88 PS / 65 kW,https://images002.bmf-application.com/optimized/PKW/240x120/BYD008.png,https://www.ronal-wheels.com/int/configurator-promo,ok,
SCRAPED_RONAL_BMF_RESEARCH_ONLY,false,2026-08-03T22:53:31.241Z,BMF Media Information Technology GmbH / ProVis4,RONAL wheel configurator,https://www.ronal-wheels.com/int/configurator-promo,RONAL-ae2f6cc4-64cd-c4ea-33a3-d38c43994ce8,BYD,BYD,Seal,Seal,K0005318,Seal (EKE) 2023 - ,Saloon,Seal,EKE,2023,,70,145,P00053180111613,Seal,Electrical,197,145,All-wheel drive,,P00053180111613,BYD,EKE,197 PS / 145 kW,https://images002.bmf-application.com/optimized/PKW/240x120/BYD004.png,https://www.ronal-wheels.com/int/configurator-promo,ok,
SCRAPED_RONAL_BMF_RESEARCH_ONLY,false,2026-08-03T22:53:31.241Z,BMF Media Information Technology GmbH / ProVis4,RONAL wheel configurator,https://www.ronal-wheels.com/int/configurator-promo,RONAL-ae2f6cc4-64cd-c4ea-33a3-d38c43994ce8,BYD,BYD,Seal,Seal,K0005318,Seal (EKE) 2023 - ,Saloon,Seal,EKE,2023,,70,145,P00053180111614,Seal,Electrical,95,70,front wheel drive ,,P00053180111614,BYD,EKE,95 PS / 70 kW,https://images002.bmf-application.com/optimized/PKW/240x120/BYD004.png,https://www.ronal-wheels.com/int/configurator-promo,ok,
SCRAPED_RONAL_BMF_RESEARCH_ONLY,false,2026-08-03T22:53:31.241Z,BMF Media Information Technology GmbH / ProVis4,RONAL wheel configurator,https://www.ronal-wheels.com/int/configurator-promo,RONAL-ae2f6cc4-64cd-c4ea-33a3-d38c43994ce8,BYD,BYD,Sealion%207,Sealion 7,K0005579,Sealion 7 (UK) 2024 - ,SUV,Sealion 7,UK,2024,,70,70,P00055790126354,Sealion 7,Electrical,95,70,rear wheel drive,,P00055790126354,BYD,UK,95 PS / 70 kW,https://images002.bmf-application.com/optimized/PKW/240x120/BYD006.png,https://www.ronal-wheels.com/int/configurator-promo,ok,
SCRAPED_RONAL_BMF_RESEARCH_ONLY,false,2026-08-03T22:53:31.241Z,BMF Media Information Technology GmbH / ProVis4,RONAL wheel configurator,https://www.ronal-wheels.com/int/configurator-promo,RONAL-ae2f6cc4-64cd-c4ea-33a3-d38c43994ce8,Citroën,Citroën,Berlingo,Berlingo,K0004390,Berlingo (E) 2018 - 2024,Small Delivery Truck,Berlingo,E,2018,2024,56,96,P00043900108444,e-Berlingo,Electrical,77,57,front wheel drive ,,P00043900108444,Citroën,E,77 PS / 57 kW,https://images002.bmf-application.com/optimized/PKW/240x120/CITRO020.png,https://www.ronal-wheels.com/int/configurator-promo,ok,
SCRAPED_RONAL_BMF_RESEARCH_ONLY,false,2026-08-03T22:53:31.241Z,BMF Media Information Technology GmbH / ProVis4,RONAL wheel configurator,https://www.ronal-wheels.com/int/configurator-promo,RONAL-ae2f6cc4-64cd-c4ea-33a3-d38c43994ce8,Citroën,Citroën,Berlingo,Berlingo,K0005822,Berlingo (E/Facelift) 2024 - ,Small Delivery Truck,Berlingo,E,2024,,57,96,P00058220122425,e-Berlingo,Electrical,84,62,front wheel drive ,,P00058220122425,Citroën,E,84 PS / 62 kW,https://images002.bmf-application.com/optimized/PKW/240x120/CITRO043.png,https://www.ronal-wheels.com/int/configurator-promo,ok,
SCRAPED_RONAL_BMF_RESEARCH_ONLY,false,2026-08-03T22:53:31.241Z,BMF Media Information Technology GmbH / ProVis4,RONAL wheel configurator,https://www.ronal-wheels.com/int/configurator-promo,RONAL-ae2f6cc4-64cd-c4ea-33a3-d38c43994ce8,Citroën,Citroën,Berlingo,Berlingo,K0005822,Berlingo (E/Facelift) 2024 - ,Small Delivery Truck,Berlingo,E,2024,,57,96,P00058220128621,e-Berlingo,Electrical,77,57,front wheel drive ,,P00058220128621,Citroën,E,77 PS / 57 kW,https://images002.bmf-application.com/optimized/PKW/240x120/CITRO043.png,https://www.ronal-wheels.com/int/configurator-promo,ok,
SCRAPED_RONAL_BMF_RESEARCH_ONLY,false,2026-08-03T22:53:31.241Z,BMF Media Information Technology GmbH / ProVis4,RONAL wheel configurator,https://www.ronal-wheels.com/int/configurator-promo,RONAL-ae2f6cc4-64cd-c4ea-33a3-d38c43994ce8,Citroën,Citroën,C4,C4,K0004834,C4 (B) 2020 - ,Hatchback,C4,B,2020,,57,114,P00048340106826,e-C4,Electrical,77,57,front wheel drive ,,P00048340106826,Citroën,B,77 PS / 57 kW,https://images002.bmf-application.com/optimized/PKW/240x120/CITRO025.png,https://www.ronal-wheels.com/int/configurator-promo,ok,
SCRAPED_RONAL_BMF_RESEARCH_ONLY,false,2026-08-03T22:53:31.241Z,BMF Media Information Technology GmbH / ProVis4,RONAL wheel configurator,https://www.ronal-wheels.com/int/configurator-promo,RONAL-ae2f6cc4-64cd-c4ea-33a3-d38c43994ce8,Citroën,Citroën,C4,C4,K0004834,C4 (B) 2020 - ,Hatchback,C4,B,2020,,57,114,P00048340111438,e-C4,Electrical,84,62,front wheel drive ,,P00048340111438,Citroën,B,84 PS / 62 kW,https://images002.bmf-application.com/optimized/PKW/240x120/CITRO025.png,https://www.ronal-wheels.com/int/configurator-promo,ok,
SCRAPED_RONAL_BMF_RESEARCH_ONLY,false,2026-08-03T22:53:31.241Z,BMF Media Information Technology GmbH / ProVis4,RONAL wheel configurator,https://www.ronal-wheels.com/int/configurator-promo,RONAL-ae2f6cc4-64cd-c4ea-33a3-d38c43994ce8,Citroën,Citroën,Jumper,Jumper,K0004295,Jumper (Y.../Facelift) 2014 - ,Transporter,Jumper,Y...,2014,,81,130,P00042950122629,eJumper,Electrical,116,85,front wheel drive ,,P00042950122629,Citroën,Y...,116 PS / 85 kW,https://images002.bmf-application.com/optimized/PKW/240x120/CIJUM14.png,https://www.ronal-wheels.com/int/configurator-promo,ok,
SCRAPED_RONAL_BMF_RESEARCH_ONLY,false,2026-08-03T22:53:31.241Z,BMF Media Information Technology GmbH / ProVis4,RONAL wheel configurator,https://www.ronal-wheels.com/int/configurator-promo,RONAL-ae2f6cc4-64cd-c4ea-33a3-d38c43994ce8,Citroën,Citroën,Jumpy,Jumpy,K0005238,e-Jumpy 3 (V) 2020 - ,Van,e-Jumpy 3,V,2020,,57,62,P00052380106012,e-Jumpy,Electrical,77,57,front wheel drive ,,P00052380106012,Citroën,V,77 PS / 57 kW,https://images002.bmf-application.com/optimized/PKW/240x120/CITRO037.png,https://www.ronal-wheels.com/int/configurator-promo,ok,
SCRAPED_RONAL_BMF_RESEARCH_ONLY,false,2026-08-03T22:53:31.241Z,BMF Media Information Technology GmbH / ProVis4,RONAL wheel configurator,https://www.ronal-wheels.com/int/configurator-promo,RONAL-ae2f6cc4-64cd-c4ea-33a3-d38c43994ce8,Citroën,Citroën,Jumpy,Jumpy,K0005238,e-Jumpy 3 (V) 2020 - ,Van,e-Jumpy 3,V,2020,,57,62,P00052380123851,e-Jumpy,Electrical,84,62,front wheel drive ,,P00052380123851,Citroën,V,84 PS / 62 kW,https://images002.bmf-application.com/optimized/PKW/240x120/CITRO037.png,https://www.ronal-wheels.com/int/configurator-promo,ok,
SCRAPED_RONAL_BMF_RESEARCH_ONLY,false,2026-08-03T22:53:31.241Z,BMF Media Information Technology GmbH / ProVis4,RONAL wheel configurator,https://www.ronal-wheels.com/int/configurator-promo,RONAL-ae2f6cc4-64cd-c4ea-33a3-d38c43994ce8,Citroën,Citroën,SpaceTourer,SpaceTourer,K0005143,e-SpaceTourer (V) 2020 - 2024,Van,e-SpaceTourer,V,2020,2024,57,57,P00051430106014,e-SpaceTourer,Electrical,77,57,front wheel drive ,,P00051430106014,Citroën,V,77 PS / 57 kW,https://images002.bmf-application.com/optimized/PKW/240x120/CITRO034.png,https://www.ronal-wheels.com/int/configurator-promo,ok,
SCRAPED_RONAL_BMF_RESEARCH_ONLY,false,2026-08-03T22:53:31.241Z,BMF Media Information Technology GmbH / ProVis4,RONAL wheel configurator,https://www.ronal-wheels.com/int/configurator-promo,RONAL-ae2f6cc4-64cd-c4ea-33a3-d38c43994ce8,Citroën,Citroën,SpaceTourer,SpaceTourer,K0005724,e-SpaceTourer (V/Facelift) 2024 - ,Van,e-SpaceTourer,V,2024,,62,62,P00057240123852,e-SpaceTourer,Electrical,84,62,front wheel drive ,,P00057240123852,Citroën,V,84 PS / 62 kW,https://images002.bmf-application.com/optimized/PKW/240x120/CITRO042.png,https://www.ronal-wheels.com/int/configurator-promo,ok,
SCRAPED_RONAL_BMF_RESEARCH_ONLY,false,2026-08-03T22:53:31.241Z,BMF Media Information Technology GmbH / ProVis4,RONAL wheel configurator,https://www.ronal-wheels.com/int/configurator-promo,RONAL-ae2f6cc4-64cd-c4ea-33a3-d38c43994ce8,Cupra,Cupra,Born,Born,K0005020,Born (K1) 2021 - ,Hatchback,Born,K1,2021,,70,89,P00050200108661,Born,Electrical,95,70,rear wheel drive,,P00050200108661,Cupra,K1,95 PS / 70 kW,https://images002.bmf-application.com/optimized/PKW/240x120/SEAT032.png,https://www.ronal-wheels.com/int/configurator-promo,ok,
SCRAPED_RONAL_BMF_RESEARCH_ONLY,false,2026-08-03T22:53:31.241Z,BMF Media Information Technology GmbH / ProVis4,RONAL wheel configurator,https://www.ronal-wheels.com/int/configurator-promo,RONAL-ae2f6cc4-64cd-c4ea-33a3-d38c43994ce8,Cupra,Cupra,Born,Born,K0005020,Born (K1) 2021 - ,Hatchback,Born,K1,2021,,70,89,P00050200109684,Born 170 KW 77/82 KWH,Electrical,95,70,rear wheel drive,,P00050200109684,Cupra,K1,95 PS / 70 kW,https://images002.bmf-application.com/optimized/PKW/240x120/SEAT032.png,https://www.ronal-wheels.com/int/configurator-promo,ok,
SCRAPED_RONAL_BMF_RESEARCH_ONLY,false,2026-08-03T22:53:31.241Z,BMF Media Information Technology GmbH / ProVis4,RONAL wheel configurator,https://www.ronal-wheels.com/int/configurator-promo,RONAL-ae2f6cc4-64cd-c4ea-33a3-d38c43994ce8,Cupra,Cupra,Born,Born,K0005020,Born (K1) 2021 - ,Hatchback,Born,K1,2021,,70,89,P00050200109685,Born 150 KW 58/62 KWH,Electrical,95,70,rear wheel drive,,P00050200109685,Cupra,K1,95 PS / 70 kW,https://images002.bmf-application.com/optimized/PKW/240x120/SEAT032.png,https://www.ronal-wheels.com/int/configurator-promo,ok,
SCRAPED_RONAL_BMF_RESEARCH_ONLY,false,2026-08-03T22:53:31.241Z,BMF Media Information Technology GmbH / ProVis4,RONAL wheel configurator,https://www.ronal-wheels.com/int/configurator-promo,RONAL-ae2f6cc4-64cd-c4ea-33a3-d38c43994ce8,Cupra,Cupra,Born,Born,K0005020,Born (K1) 2021 - ,Hatchback,Born,K1,2021,,70,89,P00050200109686,Born 110 KW 45/55 KWH,Electrical,95,70,rear wheel drive,,P00050200109686,Cupra,K1,95 PS / 70 kW,https://images002.bmf-application.com/optimized/PKW/240x120/SEAT032.png,https://www.ronal-wheels.com/int/configurator-promo,ok,
SCRAPED_RONAL_BMF_RESEARCH_ONLY,false,2026-08-03T22:53:31.241Z,BMF Media Information Technology GmbH / ProVis4,RONAL wheel configurator,https://www.ronal-wheels.com/int/configurator-promo,RONAL-ae2f6cc4-64cd-c4ea-33a3-d38c43994ce8,Cupra,Cupra,Born,Born,K0005020,Born (K1) 2021 - ,Hatchback,Born,K1,2021,,70,89,P00050200109687,Born 170 KW 58/62 KWH,Electrical,95,70,rear wheel drive,,P00050200109687,Cupra,K1,95 PS / 70 kW,https://images002.bmf-application.com/optimized/PKW/240x120/SEAT032.png,https://www.ronal-wheels.com/int/configurator-promo,ok,
SCRAPED_RONAL_BMF_RESEARCH_ONLY,false,2026-08-03T22:53:31.241Z,BMF Media Information Technology GmbH / ProVis4,RONAL wheel configurator,https://www.ronal-wheels.com/int/configurator-promo,RONAL-ae2f6cc4-64cd-c4ea-33a3-d38c43994ce8,Cupra,Cupra,Born,Born,K0005020,Born (K1) 2021 - ,Hatchback,Born,K1,2021,,70,89,P00050200124428,Born 170 KW 60/63 KWH,Electrical,95,70,rear wheel drive,,P00050200124428,Cupra,K1,95 PS / 70 kW,https://images002.bmf-application.com/optimized/PKW/240x120/SEAT032.png,https://www.ronal-wheels.com/int/configurator-promo,ok,
SCRAPED_RONAL_BMF_RESEARCH_ONLY,false,2026-08-03T22:53:31.241Z,BMF Media Information Technology GmbH / ProVis4,RONAL wheel configurator,https://www.ronal-wheels.com/int/configurator-promo,RONAL-ae2f6cc4-64cd-c4ea-33a3-d38c43994ce8,Cupra,Cupra,Born,Born,K0005020,Born (K1) 2021 - ,Hatchback,Born,K1,2021,,70,89,P00050200124429,Born 240 KW 79/84 KWH,Electrical,121,89,rear wheel drive,,P00050200124429,Cupra,K1,121 PS / 89 kW,https://images002.bmf-application.com/optimized/PKW/240x120/SEAT032.png,https://www.ronal-wheels.com/int/configurator-promo,ok,
SCRAPED_RONAL_BMF_RESEARCH_ONLY,false,2026-08-03T22:53:31.241Z,BMF Media Information Technology GmbH / ProVis4,RONAL wheel configurator,https://www.ronal-wheels.com/int/configurator-promo,RONAL-ae2f6cc4-64cd-c4ea-33a3-d38c43994ce8,Cupra,Cupra,Born,Born,K0005020,Born (K1) 2021 - ,Hatchback,Born,K1,2021,,70,89,P00050200125930,Born 150 KW 60/63 KWH,Electrical,95,70,rear wheel drive,,P00050200125930,Cupra,K1,95 PS / 70 kW,https://images002.bmf-application.com/optimized/PKW/240x120/SEAT032.png,https://www.ronal-wheels.com/int/configurator-promo,ok,
SCRAPED_RONAL_BMF_RESEARCH_ONLY,false,2026-08-03T22:53:31.241Z,BMF Media Information Technology GmbH / ProVis4,RONAL wheel configurator,https://www.ronal-wheels.com/int/configurator-promo,RONAL-ae2f6cc4-64cd-c4ea-33a3-d38c43994ce8,Cupra,Cupra,Born,Born,K0005020,Born (K1) 2021 - ,Hatchback,Born,K1,2021,,70,89,P00050200125931,Born 150 KW 77/82 KWH,Electrical,95,70,rear wheel drive,,P00050200125931,Cupra,K1,95 PS / 70 kW,https://images002.bmf-application.com/optimized/PKW/240x120/SEAT032.png,https://www.ronal-wheels.com/int/configurator-promo,ok,
SCRAPED_RONAL_BMF_RESEARCH_ONLY,false,2026-08-03T22:53:31.241Z,BMF Media Information Technology GmbH / ProVis4,RONAL wheel configurator,https://www.ronal-wheels.com/int/configurator-promo,RONAL-ae2f6cc4-64cd-c4ea-33a3-d38c43994ce8,Cupra,Cupra,Born,Born,K0005020,Born (K1) 2021 - ,Hatchback,Born,K1,2021,,70,89,P00050200127185,Born 150 KW 79/84 KWH,Electrical,95,70,rear wheel drive,,P00050200127185,Cupra,K1,95 PS / 70 kW,https://images002.bmf-application.com/optimized/PKW/240x120/SEAT032.png,https://www.ronal-wheels.com/int/configurator-promo,ok,
SCRAPED_RONAL_BMF_RESEARCH_ONLY,false,2026-08-03T22:53:31.241Z,BMF Media Information Technology GmbH / ProVis4,RONAL wheel configurator,https://www.ronal-wheels.com/int/configurator-promo,RONAL-ae2f6cc4-64cd-c4ea-33a3-d38c43994ce8,Cupra,Cupra,Born,Born,K0005020,Born (K1) 2021 - ,Hatchback,Born,K1,2021,,70,89,P00050200127186,Born 170 KW 79/84 KWH,Electrical,95,70,rear wheel drive,,P00050200127186,Cupra,K1,95 PS / 70 kW,https://images002.bmf-application.com/optimized/PKW/240x120/SEAT032.png,https://www.ronal-wheels.com/int/configurator-promo,ok,
SCRAPED_RONAL_BMF_RESEARCH_ONLY,false,2026-08-03T22:53:31.241Z,BMF Media Information Technology GmbH / ProVis4,RONAL wheel configurator,https://www.ronal-wheels.com/int/configurator-promo,RONAL-ae2f6cc4-64cd-c4ea-33a3-d38c43994ce8,Cupra,Cupra,Born,Born,K0005020,Born (K1) 2021 - ,Hatchback,Born,K1,2021,,70,89,P00050200128678,Born 140 KW 58/61 KWH,Electrical,95,70,rear wheel drive,,P00050200128678,Cupra,K1,95 PS / 70 kW,https://images002.bmf-application.com/optimized/PKW/240x120/SEAT032.png,https://www.ronal-wheels.com/int/configurator-promo,ok,
SCRAPED_RONAL_BMF_RESEARCH_ONLY,false,2026-08-03T22:53:31.241Z,BMF Media Information Technology GmbH / ProVis4,RONAL wheel configurator,https://www.ronal-wheels.com/int/configurator-promo,RONAL-ae2f6cc4-64cd-c4ea-33a3-d38c43994ce8,Cupra,Cupra,Born,Born,K0005020,Born (K1) 2021 - ,Hatchback,Born,K1,2021,,70,89,P00050200128747,Born 125 KW 50/52 KWH,Electrical,95,70,rear wheel drive,,P00050200128747,Cupra,K1,95 PS / 70 kW,https://images002.bmf-application.com/optimized/PKW/240x120/SEAT032.png,https://www.ronal-wheels.com/int/configurator-promo,ok,
SCRAPED_RONAL_BMF_RESEARCH_ONLY,false,2026-08-03T22:53:31.241Z,BMF Media Information Technology GmbH / ProVis4,RONAL wheel configurator,https://www.ronal-wheels.com/int/configurator-promo,RONAL-ae2f6cc4-64cd-c4ea-33a3-d38c43994ce8,Cupra,Cupra,Tavascan,Tavascan,K0005457,Tavascan (KR) 2024 - ,SUV,Tavascan,KR,2024,,77,89,P00054570124173,Tavascan Endurance,Electrical,121,89,rear wheel drive,,P00054570124173,Cupra,KR,121 PS / 89 kW,https://images002.bmf-application.com/optimized/PKW/240x120/CUP001.png,https://www.ronal-wheels.com/int/configurator-promo,ok,
SCRAPED_RONAL_BMF_RESEARCH_ONLY,false,2026-08-03T22:53:31.241Z,BMF Media Information Technology GmbH / ProVis4,RONAL wheel configurator,https://www.ronal-wheels.com/int/configurator-promo,RONAL-ae2f6cc4-64cd-c4ea-33a3-d38c43994ce8,Cupra,Cupra,Tavascan,Tavascan,K0005457,Tavascan (KR) 2024 - ,SUV,Tavascan,KR,2024,,77,89,P00054570124174,Tavascan VZ,Electrical,105,77,All-wheel drive,,P00054570124174,Cupra,KR,105 PS / 77 kW,https://images002.bmf-application.com/optimized/PKW/240x120/CUP001.png,https://www.ronal-wheels.com/int/configurator-promo,ok,
SCRAPED_RONAL_BMF_RESEARCH_ONLY,false,2026-08-03T22:53:31.241Z,BMF Media Information Technology GmbH / ProVis4,RONAL wheel configurator,https://www.ronal-wheels.com/int/configurator-promo,RONAL-ae2f6cc4-64cd-c4ea-33a3-d38c43994ce8,Dacia,Dacia,Spring,Spring,K0004864,Spring (DBG) 2020 - ,SUV,Spring,DBG,2020,,19,30,P00048640107513,Spring,Electrical,26,19,front wheel drive ,,P00048640107513,Dacia,DBG,26 PS / 19 kW,https://images002.bmf-application.com/optimized/PKW/240x120/DAC016.png,https://www.ronal-wheels.com/int/configurator-promo,ok,
SCRAPED_RONAL_BMF_RESEARCH_ONLY,false,2026-08-03T22:53:31.241Z,BMF Media Information Technology GmbH / ProVis4,RONAL wheel configurator,https://www.ronal-wheels.com/int/configurator-promo,RONAL-ae2f6cc4-64cd-c4ea-33a3-d38c43994ce8,Dacia,Dacia,Spring,Spring,K0004864,Spring (DBG) 2020 - ,SUV,Spring,DBG,2020,,19,30,P00048640128050,Spring,Electrical,41,30,front wheel drive ,,P00048640128050,Dacia,DBG,41 PS / 30 kW,https://images002.bmf-application.com/optimized/PKW/240x120/DAC016.png,https://www.ronal-wheels.com/int/configurator-promo,ok,
SCRAPED_RONAL_BMF_RESEARCH_ONLY,false,2026-08-03T22:53:31.241Z,BMF Media Information Technology GmbH / ProVis4,RONAL wheel configurator,https://www.ronal-wheels.com/int/configurator-promo,RONAL-ae2f6cc4-64cd-c4ea-33a3-d38c43994ce8,DS,DS,No%208,No 8,K0005614,No 8 (K) 2025 - ,SUV,No 8,K,2025,,104,105,P00056140126611,N° 8,Electrical,143,105,front wheel drive ,,P00056140126611,DS,K,143 PS / 105 kW,https://images002.bmf-application.com/optimized/PKW/240x120/DS001.png,https://www.ronal-wheels.com/int/configurator-promo,ok,
SCRAPED_RONAL_BMF_RESEARCH_ONLY,false,2026-08-03T22:53:31.241Z,BMF Media Information Technology GmbH / ProVis4,RONAL wheel configurator,https://www.ronal-wheels.com/int/configurator-promo,RONAL-ae2f6cc4-64cd-c4ea-33a3-d38c43994ce8,DS,DS,No%208,No 8,K0005614,No 8 (K) 2025 - ,SUV,No 8,K,2025,,104,105,P00056140126612,N° 8,Electrical,141,104,front wheel drive ,,P00056140126612,DS,K,141 PS / 104 kW,https://images002.bmf-application.com/optimized/PKW/240x120/DS001.png,https://www.ronal-wheels.com/int/configurator-promo,ok,
SCRAPED_RONAL_BMF_RESEARCH_ONLY,false,2026-08-03T22:53:31.241Z,BMF Media Information Technology GmbH / ProVis4,RONAL wheel configurator,https://www.ronal-wheels.com/int/configurator-promo,RONAL-ae2f6cc4-64cd-c4ea-33a3-d38c43994ce8,Fiat,Fiat,500,500,K0004817,500e (FA1) 2020 - ,Saloon,500e,FA1,2020,,43,43,P00048170106229,500e,Electrical,58,43,front wheel drive ,,P00048170106229,Fiat,FA1,58 PS / 43 kW,https://images002.bmf-application.com/optimized/PKW/240x120/FIAT017.png,https://www.ronal-wheels.com/int/configurator-promo,ok,
SCRAPED_RONAL_BMF_RESEARCH_ONLY,false,2026-08-03T22:53:31.241Z,BMF Media Information Technology GmbH / ProVis4,RONAL wheel configurator,https://www.ronal-wheels.com/int/configurator-promo,RONAL-ae2f6cc4-64cd-c4ea-33a3-d38c43994ce8,Fiat,Fiat,500,500,K0004823,500e (FA1) 2020 - ,Convertible,500e,FA1,2020,,43,43,P00048230106715,500e Cabrio,Electrical,58,43,front wheel drive ,,P00048230106715,Fiat,FA1,58 PS / 43 kW,https://images002.bmf-application.com/optimized/PKW/240x120/FIAT018.png,https://www.ronal-wheels.com/int/configurator-promo,ok,
SCRAPED_RONAL_BMF_RESEARCH_ONLY,false,2026-08-03T22:53:31.241Z,BMF Media Information Technology GmbH / ProVis4,RONAL wheel configurator,https://www.ronal-wheels.com/int/configurator-promo,RONAL-ae2f6cc4-64cd-c4ea-33a3-d38c43994ce8,Fiat,Fiat,500,500,K0005278,500e Abarth (FA1) 2024 - ,Saloon,500e Abarth,FA1,2024,,47,47,P00052780124486,500e Abarth,Electrical,64,47,front wheel drive ,,P00052780124486,Fiat,FA1,64 PS / 47 kW,https://images002.bmf-application.com/optimized/PKW/240x120/FIAT030.png,https://www.ronal-wheels.com/int/configurator-promo,ok,
SCRAPED_RONAL_BMF_RESEARCH_ONLY,false,2026-08-03T22:53:31.241Z,BMF Media Information Technology GmbH / ProVis4,RONAL wheel configurator,https://www.ronal-wheels.com/int/configurator-promo,RONAL-ae2f6cc4-64cd-c4ea-33a3-d38c43994ce8,Fiat,Fiat,Doblo,Doblo,K0005155,e-Doblo (E) 2022 - ,Estate,e-Doblo,E,2022,,57,62,P00051550110513,e-Doblo (kurz),Electrical,77,57,front wheel drive ,,P00051550110513,Fiat,E,77 PS / 57 kW,https://images002.bmf-application.com/optimized/PKW/240x120/FIAT027.png,https://www.ronal-wheels.com/int/configurator-promo,ok,
SCRAPED_RONAL_BMF_RESEARCH_ONLY,false,2026-08-03T22:53:31.241Z,BMF Media Information Technology GmbH / ProVis4,RONAL wheel configurator,https://www.ronal-wheels.com/int/configurator-promo,RONAL-ae2f6cc4-64cd-c4ea-33a3-d38c43994ce8,Fiat,Fiat,Doblo,Doblo,K0005155,e-Doblo (E) 2022 - ,Estate,e-Doblo,E,2022,,57,62,P00051550110514,e-Doblo (lang),Electrical,77,57,front wheel drive ,,P00051550110514,Fiat,E,77 PS / 57 kW,https://images002.bmf-application.com/optimized/PKW/240x120/FIAT027.png,https://www.ronal-wheels.com/int/configurator-promo,ok,
SCRAPED_RONAL_BMF_RESEARCH_ONLY,false,2026-08-03T22:53:31.241Z,BMF Media Information Technology GmbH / ProVis4,RONAL wheel configurator,https://www.ronal-wheels.com/int/configurator-promo,RONAL-ae2f6cc4-64cd-c4ea-33a3-d38c43994ce8,Fiat,Fiat,Doblo,Doblo,K0005155,e-Doblo (E) 2022 - ,Estate,e-Doblo,E,2022,,57,62,P00051550123911,e-Doblo (kurz),Electrical,84,62,front wheel drive ,,P00051550123911,Fiat,E,84 PS / 62 kW,https://images002.bmf-application.com/optimized/PKW/240x120/FIAT027.png,https://www.ronal-wheels.com/int/configurator-promo,ok,
SCRAPED_RONAL_BMF_RESEARCH_ONLY,false,2026-08-03T22:53:31.241Z,BMF Media Information Technology GmbH / ProVis4,RONAL wheel configurator,https://www.ronal-wheels.com/int/configurator-promo,RONAL-ae2f6cc4-64cd-c4ea-33a3-d38c43994ce8,Fiat,Fiat,Doblo,Doblo,K0005155,e-Doblo (E) 2022 - ,Estate,e-Doblo,E,2022,,57,62,P00051550123912,e-Doblo (lang),Electrical,84,62,front wheel drive ,,P00051550123912,Fiat,E,84 PS / 62 kW,https://images002.bmf-application.com/optimized/PKW/240x120/FIAT027.png,https://www.ronal-wheels.com/int/configurator-promo,ok,
SCRAPED_RONAL_BMF_RESEARCH_ONLY,false,2026-08-03T22:53:31.241Z,BMF Media Information Technology GmbH / ProVis4,RONAL wheel configurator,https://www.ronal-wheels.com/int/configurator-promo,RONAL-ae2f6cc4-64cd-c4ea-33a3-d38c43994ce8,Fiat,Fiat,Ducato,Ducato,K0005033,Ducato (250/Facelift) 2021 - ,Transporter,Ducato,250,2021,,85,132,P00050330122427,e-Ducato,Electrical,116,85,front wheel drive ,,P00050330122427,Fiat,250,116 PS / 85 kW,https://images002.bmf-application.com/optimized/PKW/240x120/FIAT023.png,https://www.ronal-wheels.com/int/configurator-promo,ok,
SCRAPED_RONAL_BMF_RESEARCH_ONLY,false,2026-08-03T22:53:31.241Z,BMF Media Information Technology GmbH / ProVis4,RONAL wheel configurator,https://www.ronal-wheels.com/int/configurator-promo,RONAL-ae2f6cc4-64cd-c4ea-33a3-d38c43994ce8,Fiat,Fiat,Scudo,Scudo,K0005200,eScudo (V) 2022 - ,Transporter,eScudo,V,2022,,57,62,P00052000109899,eScudo (lang),Electrical,77,57,front wheel drive ,,P00052000109899,Fiat,V,77 PS / 57 kW,https://images002.bmf-application.com/optimized/PKW/240x120/FIAT025E.png,https://www.ronal-wheels.com/int/configurator-promo,ok,
SCRAPED_RONAL_BMF_RESEARCH_ONLY,false,2026-08-03T22:53:31.241Z,BMF Media Information Technology GmbH / ProVis4,RONAL wheel configurator,https://www.ronal-wheels.com/int/configurator-promo,RONAL-ae2f6cc4-64cd-c4ea-33a3-d38c43994ce8,Fiat,Fiat,Scudo,Scudo,K0005200,eScudo (V) 2022 - ,Transporter,eScudo,V,2022,,57,62,P00052000109900,eScudo (kurz),Electrical,77,57,front wheel drive ,,P00052000109900,Fiat,V,77 PS / 57 kW,https://images002.bmf-application.com/optimized/PKW/240x120/FIAT025E.png,https://www.ronal-wheels.com/int/configurator-promo,ok,
SCRAPED_RONAL_BMF_RESEARCH_ONLY,false,2026-08-03T22:53:31.241Z,BMF Media Information Technology GmbH / ProVis4,RONAL wheel configurator,https://www.ronal-wheels.com/int/configurator-promo,RONAL-ae2f6cc4-64cd-c4ea-33a3-d38c43994ce8,Fiat,Fiat,Scudo,Scudo,K0005200,eScudo (V) 2022 - ,Transporter,eScudo,V,2022,,57,62,P00052000109901,eScudo (mittel),Electrical,77,57,front wheel drive ,,P00052000109901,Fiat,V,77 PS / 57 kW,https://images002.bmf-application.com/optimized/PKW/240x120/FIAT025E.png,https://www.ronal-wheels.com/int/configurator-promo,ok,
SCRAPED_RONAL_BMF_RESEARCH_ONLY,false,2026-08-03T22:53:31.241Z,BMF Media Information Technology GmbH / ProVis4,RONAL wheel configurator,https://www.ronal-wheels.com/int/configurator-promo,RONAL-ae2f6cc4-64cd-c4ea-33a3-d38c43994ce8,Fiat,Fiat,Scudo,Scudo,K0005200,eScudo (V) 2022 - ,Transporter,eScudo,V,2022,,57,62,P00052000123913,eScudo (kurz),Electrical,84,62,front wheel drive ,,P00052000123913,Fiat,V,84 PS / 62 kW,https://images002.bmf-application.com/optimized/PKW/240x120/FIAT025E.png,https://www.ronal-wheels.com/int/configurator-promo,ok,
SCRAPED_RONAL_BMF_RESEARCH_ONLY,false,2026-08-03T22:53:31.241Z,BMF Media Information Technology GmbH / ProVis4,RONAL wheel configurator,https://www.ronal-wheels.com/int/configurator-promo,RONAL-ae2f6cc4-64cd-c4ea-33a3-d38c43994ce8,Fiat,Fiat,Scudo,Scudo,K0005200,eScudo (V) 2022 - ,Transporter,eScudo,V,2022,,57,62,P00052000123914,eScudo (lang),Electrical,84,62,front wheel drive ,,P00052000123914,Fiat,V,84 PS / 62 kW,https://images002.bmf-application.com/optimized/PKW/240x120/FIAT025E.png,https://www.ronal-wheels.com/int/configurator-promo,ok,
SCRAPED_RONAL_BMF_RESEARCH_ONLY,false,2026-08-03T22:53:31.241Z,BMF Media Information Technology GmbH / ProVis4,RONAL wheel configurator,https://www.ronal-wheels.com/int/configurator-promo,RONAL-ae2f6cc4-64cd-c4ea-33a3-d38c43994ce8,Fiat,Fiat,Ulysse,Ulysse,K0005201,eUlysse (V) 2022 - ,Van,eUlysse,V,2022,,57,62,P00052010109908,eUlysse (kurz),Electrical,77,57,front wheel drive ,,P00052010109908,Fiat,V,77 PS / 57 kW,https://images002.bmf-application.com/optimized/PKW/240x120/FIAT024E.png,https://www.ronal-wheels.com/int/configurator-promo,ok,
SCRAPED_RONAL_BMF_RESEARCH_ONLY,false,2026-08-03T22:53:31.241Z,BMF Media Information Technology GmbH / ProVis4,RONAL wheel configurator,https://www.ronal-wheels.com/int/configurator-promo,RONAL-ae2f6cc4-64cd-c4ea-33a3-d38c43994ce8,Fiat,Fiat,Ulysse,Ulysse,K0005201,eUlysse (V) 2022 - ,Van,eUlysse,V,2022,,57,62,P00052010109909,eUlysse (lang),Electrical,77,57,front wheel drive ,,P00052010109909,Fiat,V,77 PS / 57 kW,https://images002.bmf-application.com/optimized/PKW/240x120/FIAT024E.png,https://www.ronal-wheels.com/int/configurator-promo,ok,
SCRAPED_RONAL_BMF_RESEARCH_ONLY,false,2026-08-03T22:53:31.241Z,BMF Media Information Technology GmbH / ProVis4,RONAL wheel configurator,https://www.ronal-wheels.com/int/configurator-promo,RONAL-ae2f6cc4-64cd-c4ea-33a3-d38c43994ce8,Fiat,Fiat,Ulysse,Ulysse,K0005201,eUlysse (V) 2022 - ,Van,eUlysse,V,2022,,57,62,P00052010126989,eUlysse (kurz),Electrical,84,62,front wheel drive ,,P00052010126989,Fiat,V,84 PS / 62 kW,https://images002.bmf-application.com/optimized/PKW/240x120/FIAT024E.png,https://www.ronal-wheels.com/int/configurator-promo,ok,
SCRAPED_RONAL_BMF_RESEARCH_ONLY,false,2026-08-03T22:53:31.241Z,BMF Media Information Technology GmbH / ProVis4,RONAL wheel configurator,https://www.ronal-wheels.com/int/configurator-promo,RONAL-ae2f6cc4-64cd-c4ea-33a3-d38c43994ce8,Fiat,Fiat,Ulysse,Ulysse,K0005201,eUlysse (V) 2022 - ,Van,eUlysse,V,2022,,57,62,P00052010126990,eUlysse (lang),Electrical,84,62,front wheel drive ,,P00052010126990,Fiat,V,84 PS / 62 kW,https://images002.bmf-application.com/optimized/PKW/240x120/FIAT024E.png,https://www.ronal-wheels.com/int/configurator-promo,ok,
SCRAPED_RONAL_BMF_RESEARCH_ONLY,false,2026-08-03T22:53:31.241Z,BMF Media Information Technology GmbH / ProVis4,RONAL wheel configurator,https://www.ronal-wheels.com/int/configurator-promo,RONAL-ae2f6cc4-64cd-c4ea-33a3-d38c43994ce8,Ford,Ford,Explorer,Explorer,K0005493,Explorer (DRP) 2024 - ,Offroad,Explorer,DRP,2024,,70,89,P00054930124494,Explorer Extended Range,Electrical,121,89,rear wheel drive,,P00054930124494,Ford,DRP,121 PS / 89 kW,https://images002.bmf-application.com/optimized/PKW/240x120/FORD077.png,https://www.ronal-wheels.com/int/configurator-promo,ok,
SCRAPED_RONAL_BMF_RESEARCH_ONLY,false,2026-08-03T22:53:31.241Z,BMF Media Information Technology GmbH / ProVis4,RONAL wheel configurator,https://www.ronal-wheels.com/int/configurator-promo,RONAL-ae2f6cc4-64cd-c4ea-33a3-d38c43994ce8,Ford,Ford,Explorer,Explorer,K0005493,Explorer (DRP) 2024 - ,Offroad,Explorer,DRP,2024,,70,89,P00054930124495,Explorer Extended Range AWD,Electrical,121,89,All-wheel drive,,P00054930124495,Ford,DRP,121 PS / 89 kW,https://images002.bmf-application.com/optimized/PKW/240x120/FORD077.png,https://www.ronal-wheels.com/int/configurator-promo,ok,
SCRAPED_RONAL_BMF_RESEARCH_ONLY,false,2026-08-03T22:53:31.241Z,BMF Media Information Technology GmbH / ProVis4,RONAL wheel configurator,https://www.ronal-wheels.com/int/configurator-promo,RONAL-ae2f6cc4-64cd-c4ea-33a3-d38c43994ce8,Ford,Ford,Explorer,Explorer,K0005493,Explorer (DRP) 2024 - ,Offroad,Explorer,DRP,2024,,70,89,P00054930126147,Explorer Standard Range,Electrical,95,70,rear wheel drive,,P00054930126147,Ford,DRP,95 PS / 70 kW,https://images002.bmf-application.com/optimized/PKW/240x120/FORD077.png,https://www.ronal-wheels.com/int/configurator-promo,ok,
SCRAPED_RONAL_BMF_RESEARCH_ONLY,false,2026-08-03T22:53:31.241Z,BMF Media Information Technology GmbH / ProVis4,RONAL wheel configurator,https://www.ronal-wheels.com/int/configurator-promo,RONAL-ae2f6cc4-64cd-c4ea-33a3-d38c43994ce8,Ford,Ford,Mustang,Mustang,K0005590,Mustang Mach-E (Typ LSBK) (LSBK) 2021 - ,SUV,Mustang Mach-E (Typ LSBK),LSBK,2021,,92,140,P00055900126403,Mustang Mach-E,Electrical,136,100,rear wheel drive,,P00055900126403,Ford,LSBK,136 PS / 100 kW,https://images002.bmf-application.com/optimized/PKW/240x120/FORD051T.png,https://www.ronal-wheels.com/int/configurator-promo,ok,
SCRAPED_RONAL_BMF_RESEARCH_ONLY,false,2026-08-03T22:53:31.241Z,BMF Media Information Technology GmbH / ProVis4,RONAL wheel configurator,https://www.ronal-wheels.com/int/configurator-promo,RONAL-ae2f6cc4-64cd-c4ea-33a3-d38c43994ce8,Ford,Ford,Mustang,Mustang,K0005590,Mustang Mach-E (Typ LSBK) (LSBK) 2021 - ,SUV,Mustang Mach-E (Typ LSBK),LSBK,2021,,92,140,P00055900126404,Mustang Mach-E 4x4,Electrical,169,124,All-wheel drive,,P00055900126404,Ford,LSBK,169 PS / 124 kW,https://images002.bmf-application.com/optimized/PKW/240x120/FORD051T.png,https://www.ronal-wheels.com/int/configurator-promo,ok,
SCRAPED_RONAL_BMF_RESEARCH_ONLY,false,2026-08-03T22:53:31.241Z,BMF Media Information Technology GmbH / ProVis4,RONAL wheel configurator,https://www.ronal-wheels.com/int/configurator-promo,RONAL-ae2f6cc4-64cd-c4ea-33a3-d38c43994ce8,Ford,Ford,Mustang,Mustang,K0005590,Mustang Mach-E (Typ LSBK) (LSBK) 2021 - ,SUV,Mustang Mach-E (Typ LSBK),LSBK,2021,,92,140,P00055900126405,Mustang Mach-E,Electrical,125,92,rear wheel drive,,P00055900126405,Ford,LSBK,125 PS / 92 kW,https://images002.bmf-application.com/optimized/PKW/240x120/FORD051T.png,https://www.ronal-wheels.com/int/configurator-promo,ok,
SCRAPED_RONAL_BMF_RESEARCH_ONLY,false,2026-08-03T22:53:31.241Z,BMF Media Information Technology GmbH / ProVis4,RONAL wheel configurator,https://www.ronal-wheels.com/int/configurator-promo,RONAL-ae2f6cc4-64cd-c4ea-33a3-d38c43994ce8,Ford,Ford,Mustang,Mustang,K0005590,Mustang Mach-E (Typ LSBK) (LSBK) 2021 - ,SUV,Mustang Mach-E (Typ LSBK),LSBK,2021,,92,140,P00055900126426,Mustang Mach-E,Electrical,190,140,All-wheel drive,,P00055900126426,Ford,LSBK,190 PS / 140 kW,https://images002.bmf-application.com/optimized/PKW/240x120/FORD051T.png,https://www.ronal-wheels.com/int/configurator-promo,ok,
SCRAPED_RONAL_BMF_RESEARCH_ONLY,false,2026-08-03T22:53:31.241Z,BMF Media Information Technology GmbH / ProVis4,RONAL wheel configurator,https://www.ronal-wheels.com/int/configurator-promo,RONAL-ae2f6cc4-64cd-c4ea-33a3-d38c43994ce8,Ford,Ford,Mustang,Mustang,K0004877,Mustang Mach-E (Typ LSK) (LSK) 2021 - ,SUV,Mustang Mach-E (Typ LSK),LSK,2021,,92,176,P00048770107264,Mustang Mach-E 4x4,Electrical,209,154,All-wheel drive,,P00048770107264,Ford,LSK,209 PS / 154 kW,https://images002.bmf-application.com/optimized/PKW/240x120/FORD051.png,https://www.ronal-wheels.com/int/configurator-promo,ok,
SCRAPED_RONAL_BMF_RESEARCH_ONLY,false,2026-08-03T22:53:31.241Z,BMF Media Information Technology GmbH / ProVis4,RONAL wheel configurator,https://www.ronal-wheels.com/int/configurator-promo,RONAL-ae2f6cc4-64cd-c4ea-33a3-d38c43994ce8,Ford,Ford,Mustang,Mustang,K0004877,Mustang Mach-E (Typ LSK) (LSK) 2021 - ,SUV,Mustang Mach-E (Typ LSK),LSK,2021,,92,176,P00048770107265,Mustang Mach-E,Electrical,177,130,rear wheel drive,,P00048770107265,Ford,LSK,177 PS / 130 kW,https://images002.bmf-application.com/optimized/PKW/240x120/FORD051.png,https://www.ronal-wheels.com/int/configurator-promo,ok,
SCRAPED_RONAL_BMF_RESEARCH_ONLY,false,2026-08-03T22:53:31.241Z,BMF Media Information Technology GmbH / ProVis4,RONAL wheel configurator,https://www.ronal-wheels.com/int/configurator-promo,RONAL-ae2f6cc4-64cd-c4ea-33a3-d38c43994ce8,Ford,Ford,Mustang,Mustang,K0004877,Mustang Mach-E (Typ LSK) (LSK) 2021 - ,SUV,Mustang Mach-E (Typ LSK),LSK,2021,,92,176,P00048770107518,Mustang Mach-E 4x4,Electrical,169,124,All-wheel drive,,P00048770107518,Ford,LSK,169 PS / 124 kW,https://images002.bmf-application.com/optimized/PKW/240x120/FORD051.png,https://www.ronal-wheels.com/int/configurator-promo,ok,
SCRAPED_RONAL_BMF_RESEARCH_ONLY,false,2026-08-03T22:53:31.241Z,BMF Media Information Technology GmbH / ProVis4,RONAL wheel configurator,https://www.ronal-wheels.com/int/configurator-promo,RONAL-ae2f6cc4-64cd-c4ea-33a3-d38c43994ce8,Ford,Ford,Mustang,Mustang,K0004877,Mustang Mach-E (Typ LSK) (LSK) 2021 - ,SUV,Mustang Mach-E (Typ LSK),LSK,2021,,92,176,P00048770107519,Mustang Mach-E,Electrical,136,100,rear wheel drive,,P00048770107519,Ford,LSK,136 PS / 100 kW,https://images002.bmf-application.com/optimized/PKW/240x120/FORD051.png,https://www.ronal-wheels.com/int/configurator-promo,ok,
SCRAPED_RONAL_BMF_RESEARCH_ONLY,false,2026-08-03T22:53:31.241Z,BMF Media Information Technology GmbH / ProVis4,RONAL wheel configurator,https://www.ronal-wheels.com/int/configurator-promo,RONAL-ae2f6cc4-64cd-c4ea-33a3-d38c43994ce8,Ford,Ford,Mustang,Mustang,K0004877,Mustang Mach-E (Typ LSK) (LSK) 2021 - ,SUV,Mustang Mach-E (Typ LSK),LSK,2021,,92,176,P00048770111606,Mustang Mach-E 4x4,Electrical,190,140,All-wheel drive,,P00048770111606,Ford,LSK,190 PS / 140 kW,https://images002.bmf-application.com/optimized/PKW/240x120/FORD051.png,https://www.ronal-wheels.com/int/configurator-promo,ok,
SCRAPED_RONAL_BMF_RESEARCH_ONLY,false,2026-08-03T22:53:31.241Z,BMF Media Information Technology GmbH / ProVis4,RONAL wheel configurator,https://www.ronal-wheels.com/int/configurator-promo,RONAL-ae2f6cc4-64cd-c4ea-33a3-d38c43994ce8,Ford,Ford,Mustang,Mustang,K0004877,Mustang Mach-E (Typ LSK) (LSK) 2021 - ,SUV,Mustang Mach-E (Typ LSK),LSK,2021,,92,176,P00048770124015,Mustang Mach-E,Electrical,125,92,rear wheel drive,,P00048770124015,Ford,LSK,125 PS / 92 kW,https://images002.bmf-application.com/optimized/PKW/240x120/FORD051.png,https://www.ronal-wheels.com/int/configurator-promo,ok,
SCRAPED_RONAL_BMF_RESEARCH_ONLY,false,2026-08-03T22:53:31.241Z,BMF Media Information Technology GmbH / ProVis4,RONAL wheel configurator,https://www.ronal-wheels.com/int/configurator-promo,RONAL-ae2f6cc4-64cd-c4ea-33a3-d38c43994ce8,Ford,Ford,Mustang,Mustang,K0004877,Mustang Mach-E (Typ LSK) (LSK) 2021 - ,SUV,Mustang Mach-E (Typ LSK),LSK,2021,,92,176,P00048770124016,Mustang Mach-E 4x4,Electrical,239,176,All-wheel drive,,P00048770124016,Ford,LSK,239 PS / 176 kW,https://images002.bmf-application.com/optimized/PKW/240x120/FORD051.png,https://www.ronal-wheels.com/int/configurator-promo,ok,
SCRAPED_RONAL_BMF_RESEARCH_ONLY,false,2026-08-03T22:53:31.241Z,BMF Media Information Technology GmbH / ProVis4,RONAL wheel configurator,https://www.ronal-wheels.com/int/configurator-promo,RONAL-ae2f6cc4-64cd-c4ea-33a3-d38c43994ce8,Ford,Ford,Mustang,Mustang,K0005589,Mustang Mach-E GT (Typ LSBK) (LSBK) 2021 - ,SUV,Mustang Mach-E GT (Typ LSBK),LSBK,2021,,200,200,P00055890126402,Mustang Mach-E GT,Electrical,272,200,All-wheel drive,,P00055890126402,Ford,LSBK,272 PS / 200 kW,https://images002.bmf-application.com/optimized/PKW/240x120/FORD054T.png,https://www.ronal-wheels.com/int/configurator-promo,ok,
SCRAPED_RONAL_BMF_RESEARCH_ONLY,false,2026-08-03T22:53:31.241Z,BMF Media Information Technology GmbH / ProVis4,RONAL wheel configurator,https://www.ronal-wheels.com/int/configurator-promo,RONAL-ae2f6cc4-64cd-c4ea-33a3-d38c43994ce8,Ford,Ford,Mustang,Mustang,K0005064,Mustang Mach-E GT (Typ LSK) (LSK) 2021 - ,SUV,Mustang Mach-E GT (Typ LSK),LSK,2021,,200,200,P00050640108635,Mustang Mach-E GT,Electrical,272,200,All-wheel drive,,P00050640108635,Ford,LSK,272 PS / 200 kW,https://images002.bmf-application.com/optimized/PKW/240x120/FORD054.png,https://www.ronal-wheels.com/int/configurator-promo,ok,
SCRAPED_RONAL_BMF_RESEARCH_ONLY,false,2026-08-03T22:53:31.241Z,BMF Media Information Technology GmbH / ProVis4,RONAL wheel configurator,https://www.ronal-wheels.com/int/configurator-promo,RONAL-ae2f6cc4-64cd-c4ea-33a3-d38c43994ce8,Ford,Ford,Transit_2fTourneo,Transit/Tourneo,K0003670,Transit (FCD) 2014 - 2024,Transporter,Transit,FCD,2014,2024,74,136,P00036700109877,eTransit (kurz),Electrical,136,100,front wheel drive ,,P00036700109877,Ford,FCD,136 PS / 100 kW,https://images002.bmf-application.com/optimized/PKW/240x120/FORD078.png,https://www.ronal-wheels.com/int/configurator-promo,ok,
SCRAPED_RONAL_BMF_RESEARCH_ONLY,false,2026-08-03T22:53:31.241Z,BMF Media Information Technology GmbH / ProVis4,RONAL wheel configurator,https://www.ronal-wheels.com/int/configurator-promo,RONAL-ae2f6cc4-64cd-c4ea-33a3-d38c43994ce8,Ford,Ford,Transit_2fTourneo,Transit/Tourneo,K0003670,Transit (FCD) 2014 - 2024,Transporter,Transit,FCD,2014,2024,74,136,P00036700109878,eTransit (mittel),Electrical,136,100,front wheel drive ,,P00036700109878,Ford,FCD,136 PS / 100 kW,https://images002.bmf-application.com/optimized/PKW/240x120/FORD078.png,https://www.ronal-wheels.com/int/configurator-promo,ok,
SCRAPED_RONAL_BMF_RESEARCH_ONLY,false,2026-08-03T22:53:31.241Z,BMF Media Information Technology GmbH / ProVis4,RONAL wheel configurator,https://www.ronal-wheels.com/int/configurator-promo,RONAL-ae2f6cc4-64cd-c4ea-33a3-d38c43994ce8,Ford,Ford,Transit_2fTourneo,Transit/Tourneo,K0003670,Transit (FCD) 2014 - 2024,Transporter,Transit,FCD,2014,2024,74,136,P00036700109879,eTransit (lang),Electrical,136,100,front wheel drive ,,P00036700109879,Ford,FCD,136 PS / 100 kW,https://images002.bmf-application.com/optimized/PKW/240x120/FORD078.png,https://www.ronal-wheels.com/int/configurator-promo,ok,
SCRAPED_RONAL_BMF_RESEARCH_ONLY,false,2026-08-03T22:53:31.241Z,BMF Media Information Technology GmbH / ProVis4,RONAL wheel configurator,https://www.ronal-wheels.com/int/configurator-promo,RONAL-ae2f6cc4-64cd-c4ea-33a3-d38c43994ce8,Genesis,Genesis,GV60,GV60,K0005057,Genesis GV60 (JW) 2021 - ,SUV,Genesis GV60,JW,2021,,78,78,P00050570109210,GV60 AWD,Electrical,106,78,All-wheel drive,,P00050570109210,Genesis,JW,106 PS / 78 kW,https://images002.bmf-application.com/optimized/PKW/240x120/HYUN053.png,https://www.ronal-wheels.com/int/configurator-promo,ok,
SCRAPED_RONAL_BMF_RESEARCH_ONLY,false,2026-08-03T22:53:31.241Z,BMF Media Information Technology GmbH / ProVis4,RONAL wheel configurator,https://www.ronal-wheels.com/int/configurator-promo,RONAL-ae2f6cc4-64cd-c4ea-33a3-d38c43994ce8,GWM,GWM,Ora%2007,Ora 07,K0005424,Ora 07 (EC24) 2024 - ,Saloon,Ora 07,EC24,2024,,66,66,P00054240123745,ORA 07,Electrical,90,66,front wheel drive ,,P00054240123745,GWM,EC24,90 PS / 66 kW,https://images002.bmf-application.com/optimized/PKW/240x120/GWM003.png,https://www.ronal-wheels.com/int/configurator-promo,ok,
SCRAPED_RONAL_BMF_RESEARCH_ONLY,false,2026-08-03T22:53:31.241Z,BMF Media Information Technology GmbH / ProVis4,RONAL wheel configurator,https://www.ronal-wheels.com/int/configurator-promo,RONAL-ae2f6cc4-64cd-c4ea-33a3-d38c43994ce8,GWM,GWM,Ora%2007,Ora 07,K0005424,Ora 07 (EC24) 2024 - ,Saloon,Ora 07,EC24,2024,,66,66,P00054240123746,ORA 07,Electrical,90,66,All-wheel drive,,P00054240123746,GWM,EC24,90 PS / 66 kW,https://images002.bmf-application.com/optimized/PKW/240x120/GWM003.png,https://www.ronal-wheels.com/int/configurator-promo,ok,
SCRAPED_RONAL_BMF_RESEARCH_ONLY,false,2026-08-03T22:53:31.241Z,BMF Media Information Technology GmbH / ProVis4,RONAL wheel configurator,https://www.ronal-wheels.com/int/configurator-promo,RONAL-ae2f6cc4-64cd-c4ea-33a3-d38c43994ce8,GWM,GWM,Ora%20Funky%20Cat,Ora Funky Cat,K0005232,Ora Funky Cat (ES11) 2023 - ,Hatchback,Ora Funky Cat,ES11,2023,,60,60,P00052320110987,Ora Funky Cat,Electrical,82,60,front wheel drive ,,P00052320110987,GWM,ES11,82 PS / 60 kW,https://images002.bmf-application.com/optimized/PKW/240x120/GWM001.png,https://www.ronal-wheels.com/int/configurator-promo,ok,
SCRAPED_RONAL_BMF_RESEARCH_ONLY,false,2026-08-03T22:53:31.241Z,BMF Media Information Technology GmbH / ProVis4,RONAL wheel configurator,https://www.ronal-wheels.com/int/configurator-promo,RONAL-ae2f6cc4-64cd-c4ea-33a3-d38c43994ce8,GWM,GWM,Ora%20Funky%20Cat,Ora Funky Cat,K0005232,Ora Funky Cat (ES11) 2023 - ,Hatchback,Ora Funky Cat,ES11,2023,,60,60,P00052320110988,Ora Funky Cat GT,Electrical,82,60,front wheel drive ,,P00052320110988,GWM,ES11,82 PS / 60 kW,https://images002.bmf-application.com/optimized/PKW/240x120/GWM001.png,https://www.ronal-wheels.com/int/configurator-promo,ok,
SCRAPED_RONAL_BMF_RESEARCH_ONLY,false,2026-08-03T22:53:31.241Z,BMF Media Information Technology GmbH / ProVis4,RONAL wheel configurator,https://www.ronal-wheels.com/int/configurator-promo,RONAL-ae2f6cc4-64cd-c4ea-33a3-d38c43994ce8,Honda,Honda,Honda%20e,Honda e,K0004743,Honda e (ZC) 2020 - ,Hatchback,Honda e,ZC,2020,,60,60,P00047430105318,Honda e,Electrical,82,60,rear wheel drive,,P00047430105318,Honda,ZC,82 PS / 60 kW,https://images002.bmf-application.com/optimized/PKW/240x120/HONDA010.png,https://www.ronal-wheels.com/int/configurator-promo,ok,
SCRAPED_RONAL_BMF_RESEARCH_ONLY,false,2026-08-03T22:53:31.241Z,BMF Media Information Technology GmbH / ProVis4,RONAL wheel configurator,https://www.ronal-wheels.com/int/configurator-promo,RONAL-ae2f6cc4-64cd-c4ea-33a3-d38c43994ce8,Hyundai,Hyundai,Inster,Inster,K0005612,Inster (AX1) 2025 - ,SUV,Inster,AX1,2025,,24,28,P00056120126592,Inster EV,Electrical,33,24,front wheel drive ,,P00056120126592,Hyundai,AX1,33 PS / 24 kW,https://images002.bmf-application.com/optimized/PKW/240x120/HYUN068.png,https://www.ronal-wheels.com/int/configurator-promo,ok,
SCRAPED_RONAL_BMF_RESEARCH_ONLY,false,2026-08-03T22:53:31.241Z,BMF Media Information Technology GmbH / ProVis4,RONAL wheel configurator,https://www.ronal-wheels.com/int/configurator-promo,RONAL-ae2f6cc4-64cd-c4ea-33a3-d38c43994ce8,Hyundai,Hyundai,Inster,Inster,K0005612,Inster (AX1) 2025 - ,SUV,Inster,AX1,2025,,24,28,P00056120126593,Inster EV,Electrical,38,28,front wheel drive ,,P00056120126593,Hyundai,AX1,38 PS / 28 kW,https://images002.bmf-application.com/optimized/PKW/240x120/HYUN068.png,https://www.ronal-wheels.com/int/configurator-promo,ok,
SCRAPED_RONAL_BMF_RESEARCH_ONLY,false,2026-08-03T22:53:31.241Z,BMF Media Information Technology GmbH / ProVis4,RONAL wheel configurator,https://www.ronal-wheels.com/int/configurator-promo,RONAL-ae2f6cc4-64cd-c4ea-33a3-d38c43994ce8,Hyundai,Hyundai,Ioniq,Ioniq,K0004087,Ioniq (AE) 2016 - 2019,Hatchback,Ioniq,AE,2016,2019,25,77,P00040870096214,Ioniq Elektro,Electrical,34,25,front wheel drive ,,P00040870096214,Hyundai,AE,34 PS / 25 kW,https://images002.bmf-application.com/optimized/PKW/240x120/HYUN009.png,https://www.ronal-wheels.com/int/configurator-promo,ok,
SCRAPED_RONAL_BMF_RESEARCH_ONLY,false,2026-08-03T22:53:31.241Z,BMF Media Information Technology GmbH / ProVis4,RONAL wheel configurator,https://www.ronal-wheels.com/int/configurator-promo,RONAL-ae2f6cc4-64cd-c4ea-33a3-d38c43994ce8,Hyundai,Hyundai,Ioniq,Ioniq,K0004947,Ioniq 5 (NE) 2021 - 2024,SUV,Ioniq 5,NE,2021,2024,42,81,P00049470108017,Ioniq 5 Launch Edition,Electrical,103,76,All-wheel drive,,P00049470108017,Hyundai,NE,103 PS / 76 kW,https://images002.bmf-application.com/optimized/PKW/240x120/HYUN041.png,https://www.ronal-wheels.com/int/configurator-promo,ok,
SCRAPED_RONAL_BMF_RESEARCH_ONLY,false,2026-08-03T22:53:31.241Z,BMF Media Information Technology GmbH / ProVis4,RONAL wheel configurator,https://www.ronal-wheels.com/int/configurator-promo,RONAL-ae2f6cc4-64cd-c4ea-33a3-d38c43994ce8,Hyundai,Hyundai,Ioniq,Ioniq,K0004947,Ioniq 5 (NE) 2021 - 2024,SUV,Ioniq 5,NE,2021,2024,42,81,P00049470108018,Ioniq 5,Electrical,82,60,All-wheel drive,,P00049470108018,Hyundai,NE,82 PS / 60 kW,https://images002.bmf-application.com/optimized/PKW/240x120/HYUN041.png,https://www.ronal-wheels.com/int/configurator-promo,ok,
SCRAPED_RONAL_BMF_RESEARCH_ONLY,false,2026-08-03T22:53:31.241Z,BMF Media Information Technology GmbH / ProVis4,RONAL wheel configurator,https://www.ronal-wheels.com/int/configurator-promo,RONAL-ae2f6cc4-64cd-c4ea-33a3-d38c43994ce8,Hyundai,Hyundai,Ioniq,Ioniq,K0004947,Ioniq 5 (NE) 2021 - 2024,SUV,Ioniq 5,NE,2021,2024,42,81,P00049470108019,Ioniq 5,Electrical,72,53,rear wheel drive,,P00049470108019,Hyundai,NE,72 PS / 53 kW,https://images002.bmf-application.com/optimized/PKW/240x120/HYUN041.png,https://www.ronal-wheels.com/int/configurator-promo,ok,
SCRAPED_RONAL_BMF_RESEARCH_ONLY,false,2026-08-03T22:53:31.241Z,BMF Media Information Technology GmbH / ProVis4,RONAL wheel configurator,https://www.ronal-wheels.com/int/configurator-promo,RONAL-ae2f6cc4-64cd-c4ea-33a3-d38c43994ce8,Hyundai,Hyundai,Ioniq,Ioniq,K0004947,Ioniq 5 (NE) 2021 - 2024,SUV,Ioniq 5,NE,2021,2024,42,81,P00049470108020,Ioniq 5,Electrical,57,42,rear wheel drive,,P00049470108020,Hyundai,NE,57 PS / 42 kW,https://images002.bmf-application.com/optimized/PKW/240x120/HYUN041.png,https://www.ronal-wheels.com/int/configurator-promo,ok,
SCRAPED_RONAL_BMF_RESEARCH_ONLY,false,2026-08-03T22:53:31.241Z,BMF Media Information Technology GmbH / ProVis4,RONAL wheel configurator,https://www.ronal-wheels.com/int/configurator-promo,RONAL-ae2f6cc4-64cd-c4ea-33a3-d38c43994ce8,Hyundai,Hyundai,Ioniq,Ioniq,K0004947,Ioniq 5 (NE) 2021 - 2024,SUV,Ioniq 5,NE,2021,2024,42,81,P00049470110151,Ioniq 5,Electrical,76,56,rear wheel drive,,P00049470110151,Hyundai,NE,76 PS / 56 kW,https://images002.bmf-application.com/optimized/PKW/240x120/HYUN041.png,https://www.ronal-wheels.com/int/configurator-promo,ok,
SCRAPED_RONAL_BMF_RESEARCH_ONLY,false,2026-08-03T22:53:31.241Z,BMF Media Information Technology GmbH / ProVis4,RONAL wheel configurator,https://www.ronal-wheels.com/int/configurator-promo,RONAL-ae2f6cc4-64cd-c4ea-33a3-d38c43994ce8,Hyundai,Hyundai,Ioniq,Ioniq,K0004947,Ioniq 5 (NE) 2021 - 2024,SUV,Ioniq 5,NE,2021,2024,42,81,P00049470110152,Ioniq 5 AWD,Electrical,110,81,All-wheel drive,,P00049470110152,Hyundai,NE,110 PS / 81 kW,https://images002.bmf-application.com/optimized/PKW/240x120/HYUN041.png,https://www.ronal-wheels.com/int/configurator-promo,ok,
SCRAPED_RONAL_BMF_RESEARCH_ONLY,false,2026-08-03T22:53:31.241Z,BMF Media Information Technology GmbH / ProVis4,RONAL wheel configurator,https://www.ronal-wheels.com/int/configurator-promo,RONAL-ae2f6cc4-64cd-c4ea-33a3-d38c43994ce8,Hyundai,Hyundai,Ioniq,Ioniq,K0005798,Ioniq 5 (NE/Facelift) 2024 - ,SUV,Ioniq 5,NE,2024,,42,81,P00057980128384,Ioniq 5 AWD,Electrical,110,81,All-wheel drive,,P00057980128384,Hyundai,NE,110 PS / 81 kW,https://images002.bmf-application.com/optimized/PKW/240x120/HYUN072.png,https://www.ronal-wheels.com/int/configurator-promo,ok,
SCRAPED_RONAL_BMF_RESEARCH_ONLY,false,2026-08-03T22:53:31.241Z,BMF Media Information Technology GmbH / ProVis4,RONAL wheel configurator,https://www.ronal-wheels.com/int/configurator-promo,RONAL-ae2f6cc4-64cd-c4ea-33a3-d38c43994ce8,Hyundai,Hyundai,Ioniq,Ioniq,K0005798,Ioniq 5 (NE/Facelift) 2024 - ,SUV,Ioniq 5,NE,2024,,42,81,P00057980128385,Ioniq 5,Electrical,76,56,rear wheel drive,,P00057980128385,Hyundai,NE,76 PS / 56 kW,https://images002.bmf-application.com/optimized/PKW/240x120/HYUN072.png,https://www.ronal-wheels.com/int/configurator-promo,ok,
SCRAPED_RONAL_BMF_RESEARCH_ONLY,false,2026-08-03T22:53:31.241Z,BMF Media Information Technology GmbH / ProVis4,RONAL wheel configurator,https://www.ronal-wheels.com/int/configurator-promo,RONAL-ae2f6cc4-64cd-c4ea-33a3-d38c43994ce8,Hyundai,Hyundai,Ioniq,Ioniq,K0005798,Ioniq 5 (NE/Facelift) 2024 - ,SUV,Ioniq 5,NE,2024,,42,81,P00057980128387,Ioniq 5,Electrical,57,42,rear wheel drive,,P00057980128387,Hyundai,NE,57 PS / 42 kW,https://images002.bmf-application.com/optimized/PKW/240x120/HYUN072.png,https://www.ronal-wheels.com/int/configurator-promo,ok,
SCRAPED_RONAL_BMF_RESEARCH_ONLY,false,2026-08-03T22:53:31.241Z,BMF Media Information Technology GmbH / ProVis4,RONAL wheel configurator,https://www.ronal-wheels.com/int/configurator-promo,RONAL-ae2f6cc4-64cd-c4ea-33a3-d38c43994ce8,Hyundai,Hyundai,Ioniq,Ioniq,K0005798,Ioniq 5 (NE/Facelift) 2024 - ,SUV,Ioniq 5,NE,2024,,42,81,P00057980128388,Ioniq 5,Electrical,72,53,rear wheel drive,,P00057980128388,Hyundai,NE,72 PS / 53 kW,https://images002.bmf-application.com/optimized/PKW/240x120/HYUN072.png,https://www.ronal-wheels.com/int/configurator-promo,ok,
SCRAPED_RONAL_BMF_RESEARCH_ONLY,false,2026-08-03T22:53:31.241Z,BMF Media Information Technology GmbH / ProVis4,RONAL wheel configurator,https://www.ronal-wheels.com/int/configurator-promo,RONAL-ae2f6cc4-64cd-c4ea-33a3-d38c43994ce8,Hyundai,Hyundai,Ioniq,Ioniq,K0005396,Ioniq 5 N (NE) 2024 - ,SUV,Ioniq 5 N,NE,2024,,159,159,P00053960122421,Ioniq 5 N,Electrical,216,159,All-wheel drive,,P00053960122421,Hyundai,NE,216 PS / 159 kW,https://images002.bmf-application.com/optimized/PKW/240x120/HYUN060.png,https://www.ronal-wheels.com/int/configurator-promo,ok,
SCRAPED_RONAL_BMF_RESEARCH_ONLY,false,2026-08-03T22:53:31.241Z,BMF Media Information Technology GmbH / ProVis4,RONAL wheel configurator,https://www.ronal-wheels.com/int/configurator-promo,RONAL-ae2f6cc4-64cd-c4ea-33a3-d38c43994ce8,Hyundai,Hyundai,Ioniq,Ioniq,K0005135,Ioniq 6 (CE) 2022 - ,Saloon,Ioniq 6,CE,2022,,37,81,P00051350110299,Ioniq 6,Electrical,50,37,front wheel drive ,,P00051350110299,Hyundai,CE,50 PS / 37 kW,https://images002.bmf-application.com/optimized/PKW/240x120/HYUN055.png,https://www.ronal-wheels.com/int/configurator-promo,ok,
SCRAPED_RONAL_BMF_RESEARCH_ONLY,false,2026-08-03T22:53:31.241Z,BMF Media Information Technology GmbH / ProVis4,RONAL wheel configurator,https://www.ronal-wheels.com/int/configurator-promo,RONAL-ae2f6cc4-64cd-c4ea-33a3-d38c43994ce8,Hyundai,Hyundai,Ioniq,Ioniq,K0005135,Ioniq 6 (CE) 2022 - ,Saloon,Ioniq 6,CE,2022,,37,81,P00051350110300,Ioniq 6,Electrical,76,56,front wheel drive ,,P00051350110300,Hyundai,CE,76 PS / 56 kW,https://images002.bmf-application.com/optimized/PKW/240x120/HYUN055.png,https://www.ronal-wheels.com/int/configurator-promo,ok,
SCRAPED_RONAL_BMF_RESEARCH_ONLY,false,2026-08-03T22:53:31.241Z,BMF Media Information Technology GmbH / ProVis4,RONAL wheel configurator,https://www.ronal-wheels.com/int/configurator-promo,RONAL-ae2f6cc4-64cd-c4ea-33a3-d38c43994ce8,Hyundai,Hyundai,Ioniq,Ioniq,K0005135,Ioniq 6 (CE) 2022 - ,Saloon,Ioniq 6,CE,2022,,37,81,P00051350110301,Ioniq 6 AWD,Electrical,110,81,front wheel drive ,,P00051350110301,Hyundai,CE,110 PS / 81 kW,https://images002.bmf-application.com/optimized/PKW/240x120/HYUN055.png,https://www.ronal-wheels.com/int/configurator-promo,ok,
SCRAPED_RONAL_BMF_RESEARCH_ONLY,false,2026-08-03T22:53:31.241Z,BMF Media Information Technology GmbH / ProVis4,RONAL wheel configurator,https://www.ronal-wheels.com/int/configurator-promo,RONAL-ae2f6cc4-64cd-c4ea-33a3-d38c43994ce8,Hyundai,Hyundai,Ioniq,Ioniq,K0005135,Ioniq 6 (CE) 2022 - ,Saloon,Ioniq 6,CE,2022,,37,81,P00051350126591,Ioniq 6,Electrical,72,53,front wheel drive ,,P00051350126591,Hyundai,CE,72 PS / 53 kW,https://images002.bmf-application.com/optimized/PKW/240x120/HYUN055.png,https://www.ronal-wheels.com/int/configurator-promo,ok,
SCRAPED_RONAL_BMF_RESEARCH_ONLY,false,2026-08-03T22:53:31.241Z,BMF Media Information Technology GmbH / ProVis4,RONAL wheel configurator,https://www.ronal-wheels.com/int/configurator-promo,RONAL-ae2f6cc4-64cd-c4ea-33a3-d38c43994ce8,Hyundai,Hyundai,Ioniq,Ioniq,K0005135,Ioniq 6 (CE) 2022 - ,Saloon,Ioniq 6,CE,2022,,37,81,P00051350127868,Ioniq 6,Electrical,57,42,front wheel drive ,,P00051350127868,Hyundai,CE,57 PS / 42 kW,https://images002.bmf-application.com/optimized/PKW/240x120/HYUN055.png,https://www.ronal-wheels.com/int/configurator-promo,ok,
SCRAPED_RONAL_BMF_RESEARCH_ONLY,false,2026-08-03T22:53:31.241Z,BMF Media Information Technology GmbH / ProVis4,RONAL wheel configurator,https://www.ronal-wheels.com/int/configurator-promo,RONAL-ae2f6cc4-64cd-c4ea-33a3-d38c43994ce8,Hyundai,Hyundai,Kona,Kona,K0004473,Kona Electric (OS) 2018 - 2021,SUV,Kona Electric,OS,2018,2021,26,28,P00044730100872,Kona Elektro,Electrical,38,28,front wheel drive ,,P00044730100872,Hyundai,OS,38 PS / 28 kW,https://images002.bmf-application.com/optimized/PKW/240x120/HYUN023.png,https://www.ronal-wheels.com/int/configurator-promo,ok,
SCRAPED_RONAL_BMF_RESEARCH_ONLY,false,2026-08-03T22:53:31.241Z,BMF Media Information Technology GmbH / ProVis4,RONAL wheel configurator,https://www.ronal-wheels.com/int/configurator-promo,RONAL-ae2f6cc4-64cd-c4ea-33a3-d38c43994ce8,Hyundai,Hyundai,Kona,Kona,K0004473,Kona Electric (OS) 2018 - 2021,SUV,Kona Electric,OS,2018,2021,26,28,P00044730100874,Kona Elektro,Electrical,35,26,front wheel drive ,,P00044730100874,Hyundai,OS,35 PS / 26 kW,https://images002.bmf-application.com/optimized/PKW/240x120/HYUN023.png,https://www.ronal-wheels.com/int/configurator-promo,ok,
SCRAPED_RONAL_BMF_RESEARCH_ONLY,false,2026-08-03T22:53:31.241Z,BMF Media Information Technology GmbH / ProVis4,RONAL wheel configurator,https://www.ronal-wheels.com/int/configurator-promo,RONAL-ae2f6cc4-64cd-c4ea-33a3-d38c43994ce8,Hyundai,Hyundai,Kona,Kona,K0004957,Kona Electric (OS/Facelift) 2021 - 2023,SUV,Kona Electric,OS,2021,2023,26,28,P00049570108141,Kona Elektro,Electrical,35,26,front wheel drive ,,P00049570108141,Hyundai,OS,35 PS / 26 kW,https://images002.bmf-application.com/optimized/PKW/240x120/HYUN040.png,https://www.ronal-wheels.com/int/configurator-promo,ok,
SCRAPED_RONAL_BMF_RESEARCH_ONLY,false,2026-08-03T22:53:31.241Z,BMF Media Information Technology GmbH / ProVis4,RONAL wheel configurator,https://www.ronal-wheels.com/int/configurator-promo,RONAL-ae2f6cc4-64cd-c4ea-33a3-d38c43994ce8,Hyundai,Hyundai,Kona,Kona,K0004957,Kona Electric (OS/Facelift) 2021 - 2023,SUV,Kona Electric,OS,2021,2023,26,28,P00049570108142,Kona Elektro,Electrical,38,28,front wheel drive ,,P00049570108142,Hyundai,OS,38 PS / 28 kW,https://images002.bmf-application.com/optimized/PKW/240x120/HYUN040.png,https://www.ronal-wheels.com/int/configurator-promo,ok,
SCRAPED_RONAL_BMF_RESEARCH_ONLY,false,2026-08-03T22:53:31.241Z,BMF Media Information Technology GmbH / ProVis4,RONAL wheel configurator,https://www.ronal-wheels.com/int/configurator-promo,RONAL-ae2f6cc4-64cd-c4ea-33a3-d38c43994ce8,Hyundai,Hyundai,Kona,Kona,K0005394,Kona Electric (SX2) 2023 - ,SUV,Kona Electric,SX2,2023,,33,53,P00053940111599,Kona Elektro,Electrical,52,38,front wheel drive ,,P00053940111599,Hyundai,SX2,52 PS / 38 kW,https://images002.bmf-application.com/optimized/PKW/240x120/HYUN059.png,https://www.ronal-wheels.com/int/configurator-promo,ok,
SCRAPED_RONAL_BMF_RESEARCH_ONLY,false,2026-08-03T22:53:31.241Z,BMF Media Information Technology GmbH / ProVis4,RONAL wheel configurator,https://www.ronal-wheels.com/int/configurator-promo,RONAL-ae2f6cc4-64cd-c4ea-33a3-d38c43994ce8,Hyundai,Hyundai,Kona,Kona,K0005394,Kona Electric (SX2) 2023 - ,SUV,Kona Electric,SX2,2023,,33,53,P00053940111600,Kona Elektro,Electrical,72,53,front wheel drive ,,P00053940111600,Hyundai,SX2,72 PS / 53 kW,https://images002.bmf-application.com/optimized/PKW/240x120/HYUN059.png,https://www.ronal-wheels.com/int/configurator-promo,ok,
SCRAPED_RONAL_BMF_RESEARCH_ONLY,false,2026-08-03T22:53:31.241Z,BMF Media Information Technology GmbH / ProVis4,RONAL wheel configurator,https://www.ronal-wheels.com/int/configurator-promo,RONAL-ae2f6cc4-64cd-c4ea-33a3-d38c43994ce8,Hyundai,Hyundai,Kona,Kona,K0005394,Kona Electric (SX2) 2023 - ,SUV,Kona Electric,SX2,2023,,33,53,P00053940123758,Kona Elektro,Electrical,45,33,front wheel drive ,,P00053940123758,Hyundai,SX2,45 PS / 33 kW,https://images002.bmf-application.com/optimized/PKW/240x120/HYUN059.png,https://www.ronal-wheels.com/int/configurator-promo,ok,
SCRAPED_RONAL_BMF_RESEARCH_ONLY,false,2026-08-03T22:53:31.241Z,BMF Media Information Technology GmbH / ProVis4,RONAL wheel configurator,https://www.ronal-wheels.com/int/configurator-promo,RONAL-ae2f6cc4-64cd-c4ea-33a3-d38c43994ce8,Hyundai,Hyundai,Kona,Kona,K0005394,Kona Electric (SX2) 2023 - ,SUV,Kona Electric,SX2,2023,,33,53,P00053940123759,Kona Elektro,Electrical,68,50,front wheel drive ,,P00053940123759,Hyundai,SX2,68 PS / 50 kW,https://images002.bmf-application.com/optimized/PKW/240x120/HYUN059.png,https://www.ronal-wheels.com/int/configurator-promo,ok,
SCRAPED_RONAL_BMF_RESEARCH_ONLY,false,2026-08-03T22:53:31.241Z,BMF Media Information Technology GmbH / ProVis4,RONAL wheel configurator,https://www.ronal-wheels.com/int/configurator-promo,RONAL-ae2f6cc4-64cd-c4ea-33a3-d38c43994ce8,Jaguar,Jaguar,I-Pace,I-Pace,K0004393,I-Pace (DH (X590)) 2018 - 2022,SUV,I-Pace,DH (X590),2018,2022,172,172,P00043930100788,I-Pace EV400 AWD,Electrical,234,172,All-wheel drive,,P00043930100788,Jaguar,DH (X590),234 PS / 172 kW,https://images002.bmf-application.com/optimized/PKW/240x120/JAGU009.png,https://www.ronal-wheels.com/int/configurator-promo,ok,
SCRAPED_RONAL_BMF_RESEARCH_ONLY,false,2026-08-03T22:53:31.241Z,BMF Media Information Technology GmbH / ProVis4,RONAL wheel configurator,https://www.ronal-wheels.com/int/configurator-promo,RONAL-ae2f6cc4-64cd-c4ea-33a3-d38c43994ce8,Jeep,Jeep,Avenger,Avenger,K0005204,Avenger (FH1) 2023 - ,SUV,Avenger,FH1,2023,,62,62,P00052040111104,Avenger BEV,Electrical,84,62,front wheel drive ,,P00052040111104,Jeep,FH1,84 PS / 62 kW,https://images002.bmf-application.com/optimized/PKW/240x120/JEEP009.png,https://www.ronal-wheels.com/int/configurator-promo,ok,
SCRAPED_RONAL_BMF_RESEARCH_ONLY,false,2026-08-03T22:53:31.241Z,BMF Media Information Technology GmbH / ProVis4,RONAL wheel configurator,https://www.ronal-wheels.com/int/configurator-promo,RONAL-ae2f6cc4-64cd-c4ea-33a3-d38c43994ce8,Kia,Kia,EV3,EV3,K0005557,EV3 (SV1) 2024 - ,SUV,EV3,SV1,2024,,50,50,P00055570126143,EV3,Electrical,68,50,front wheel drive ,,P00055570126143,Kia,SV1,68 PS / 50 kW,https://images002.bmf-application.com/optimized/PKW/240x120/KIA046.png,https://www.ronal-wheels.com/int/configurator-promo,ok,
SCRAPED_RONAL_BMF_RESEARCH_ONLY,false,2026-08-03T22:53:31.241Z,BMF Media Information Technology GmbH / ProVis4,RONAL wheel configurator,https://www.ronal-wheels.com/int/configurator-promo,RONAL-ae2f6cc4-64cd-c4ea-33a3-d38c43994ce8,Kia,Kia,EV4,EV4,K0005728,EV4 (SZ1E) 2025 - ,Hatchback,EV4,SZ1E,2025,,50,50,P00057280127853,EV4,Electrical,68,50,front wheel drive ,,P00057280127853,Kia,SZ1E,68 PS / 50 kW,https://images002.bmf-application.com/optimized/PKW/240x120/KIA051.png,https://www.ronal-wheels.com/int/configurator-promo,ok,
SCRAPED_RONAL_BMF_RESEARCH_ONLY,false,2026-08-03T22:53:31.241Z,BMF Media Information Technology GmbH / ProVis4,RONAL wheel configurator,https://www.ronal-wheels.com/int/configurator-promo,RONAL-ae2f6cc4-64cd-c4ea-33a3-d38c43994ce8,Kia,Kia,EV4,EV4,K0005701,EV4 Fastback (CT1) 2025 - ,Notchback,EV4 Fastback,CT1,2025,,50,50,P00057010127639,EV4 Fastback,Electrical,68,50,front wheel drive ,,P00057010127639,Kia,CT1,68 PS / 50 kW,https://images002.bmf-application.com/optimized/PKW/240x120/KIA050.png,https://www.ronal-wheels.com/int/configurator-promo,ok,
SCRAPED_RONAL_BMF_RESEARCH_ONLY,false,2026-08-03T22:53:31.241Z,BMF Media Information Technology GmbH / ProVis4,RONAL wheel configurator,https://www.ronal-wheels.com/int/configurator-promo,RONAL-ae2f6cc4-64cd-c4ea-33a3-d38c43994ce8,Kia,Kia,EV5,EV5,K0005729,EV5 (OV1) 2025 - ,SUV,EV5,OV1,2025,,53,65,P00057290127856,EV5,Electrical,72,53,front wheel drive ,,P00057290127856,Kia,OV1,72 PS / 53 kW,https://images002.bmf-application.com/optimized/PKW/240x120/KIA052.png,https://www.ronal-wheels.com/int/configurator-promo,ok,
SCRAPED_RONAL_BMF_RESEARCH_ONLY,false,2026-08-03T22:53:31.241Z,BMF Media Information Technology GmbH / ProVis4,RONAL wheel configurator,https://www.ronal-wheels.com/int/configurator-promo,RONAL-ae2f6cc4-64cd-c4ea-33a3-d38c43994ce8,Kia,Kia,EV5,EV5,K0005729,EV5 (OV1) 2025 - ,SUV,EV5,OV1,2025,,53,65,P00057290128689,EV5,Electrical,88,65,All-wheel drive,,P00057290128689,Kia,OV1,88 PS / 65 kW,https://images002.bmf-application.com/optimized/PKW/240x120/KIA052.png,https://www.ronal-wheels.com/int/configurator-promo,ok,
SCRAPED_RONAL_BMF_RESEARCH_ONLY,false,2026-08-03T22:53:31.241Z,BMF Media Information Technology GmbH / ProVis4,RONAL wheel configurator,https://www.ronal-wheels.com/int/configurator-promo,RONAL-ae2f6cc4-64cd-c4ea-33a3-d38c43994ce8,Kia,Kia,EV6,EV6,K0005004,EV6 (CV) 2021 - ,SUV,EV6,CV,2021,,42,81,P00050040108544,EV6 AWD,Electrical,110,81,All-wheel drive,,P00050040108544,Kia,CV,110 PS / 81 kW,https://images002.bmf-application.com/optimized/PKW/240x120/KIA037.png,https://www.ronal-wheels.com/int/configurator-promo,ok,
SCRAPED_RONAL_BMF_RESEARCH_ONLY,false,2026-08-03T22:53:31.241Z,BMF Media Information Technology GmbH / ProVis4,RONAL wheel configurator,https://www.ronal-wheels.com/int/configurator-promo,RONAL-ae2f6cc4-64cd-c4ea-33a3-d38c43994ce8,Kia,Kia,EV6,EV6,K0005004,EV6 (CV) 2021 - ,SUV,EV6,CV,2021,,42,81,P00050040108545,EV6 AWD,Electrical,82,60,All-wheel drive,,P00050040108545,Kia,CV,82 PS / 60 kW,https://images002.bmf-application.com/optimized/PKW/240x120/KIA037.png,https://www.ronal-wheels.com/int/configurator-promo,ok,
SCRAPED_RONAL_BMF_RESEARCH_ONLY,false,2026-08-03T22:53:31.241Z,BMF Media Information Technology GmbH / ProVis4,RONAL wheel configurator,https://www.ronal-wheels.com/int/configurator-promo,RONAL-ae2f6cc4-64cd-c4ea-33a3-d38c43994ce8,Kia,Kia,EV6,EV6,K0005004,EV6 (CV) 2021 - ,SUV,EV6,CV,2021,,42,81,P00050040108546,EV6 RWD,Electrical,76,56,rear wheel drive,,P00050040108546,Kia,CV,76 PS / 56 kW,https://images002.bmf-application.com/optimized/PKW/240x120/KIA037.png,https://www.ronal-wheels.com/int/configurator-promo,ok,
SCRAPED_RONAL_BMF_RESEARCH_ONLY,false,2026-08-03T22:53:31.241Z,BMF Media Information Technology GmbH / ProVis4,RONAL wheel configurator,https://www.ronal-wheels.com/int/configurator-promo,RONAL-ae2f6cc4-64cd-c4ea-33a3-d38c43994ce8,Kia,Kia,EV6,EV6,K0005004,EV6 (CV) 2021 - ,SUV,EV6,CV,2021,,42,81,P00050040108547,EV6 RWD,Electrical,57,42,rear wheel drive,,P00050040108547,Kia,CV,57 PS / 42 kW,https://images002.bmf-application.com/optimized/PKW/240x120/KIA037.png,https://www.ronal-wheels.com/int/configurator-promo,ok,
SCRAPED_RONAL_BMF_RESEARCH_ONLY,false,2026-08-03T22:53:31.241Z,BMF Media Information Technology GmbH / ProVis4,RONAL wheel configurator,https://www.ronal-wheels.com/int/configurator-promo,RONAL-ae2f6cc4-64cd-c4ea-33a3-d38c43994ce8,Kia,Kia,EV6,EV6,K0005148,EV6 GT (CV) 2022 - ,SUV,EV6 GT,CV,2022,,143,143,P00051480109513,EV6 GT AWD,Electrical,194,143,All-wheel drive,,P00051480109513,Kia,CV,194 PS / 143 kW,https://images002.bmf-application.com/optimized/PKW/240x120/KIA044.png,https://www.ronal-wheels.com/int/configurator-promo,ok,
SCRAPED_RONAL_BMF_RESEARCH_ONLY,false,2026-08-03T22:53:31.241Z,BMF Media Information Technology GmbH / ProVis4,RONAL wheel configurator,https://www.ronal-wheels.com/int/configurator-promo,RONAL-ae2f6cc4-64cd-c4ea-33a3-d38c43994ce8,Kia,Kia,EV9,EV9,K0005357,EV9 (MV1) 2023 - ,SUV,EV9,MV1,2023,,53,113,P00053570122174,EV9 EWD,Electrical,72,53,rear wheel drive,,P00053570122174,Kia,MV1,72 PS / 53 kW,https://images002.bmf-application.com/optimized/PKW/240x120/KIA045.png,https://www.ronal-wheels.com/int/configurator-promo,ok,
SCRAPED_RONAL_BMF_RESEARCH_ONLY,false,2026-08-03T22:53:31.241Z,BMF Media Information Technology GmbH / ProVis4,RONAL wheel configurator,https://www.ronal-wheels.com/int/configurator-promo,RONAL-ae2f6cc4-64cd-c4ea-33a3-d38c43994ce8,Kia,Kia,EV9,EV9,K0005357,EV9 (MV1) 2023 - ,SUV,EV9,MV1,2023,,53,113,P00053570122175,EV9 AWD,Electrical,136,100,All-wheel drive,,P00053570122175,Kia,MV1,136 PS / 100 kW,https://images002.bmf-application.com/optimized/PKW/240x120/KIA045.png,https://www.ronal-wheels.com/int/configurator-promo,ok,
SCRAPED_RONAL_BMF_RESEARCH_ONLY,false,2026-08-03T22:53:31.241Z,BMF Media Information Technology GmbH / ProVis4,RONAL wheel configurator,https://www.ronal-wheels.com/int/configurator-promo,RONAL-ae2f6cc4-64cd-c4ea-33a3-d38c43994ce8,Kia,Kia,EV9,EV9,K0005357,EV9 (MV1) 2023 - ,SUV,EV9,MV1,2023,,53,113,P00053570122176,EV9 AWD GT-Line Launch Edition,Electrical,154,113,All-wheel drive,,P00053570122176,Kia,MV1,154 PS / 113 kW,https://images002.bmf-application.com/optimized/PKW/240x120/KIA045.png,https://www.ronal-wheels.com/int/configurator-promo,ok,
SCRAPED_RONAL_BMF_RESEARCH_ONLY,false,2026-08-03T22:53:31.241Z,BMF Media Information Technology GmbH / ProVis4,RONAL wheel configurator,https://www.ronal-wheels.com/int/configurator-promo,RONAL-ae2f6cc4-64cd-c4ea-33a3-d38c43994ce8,Kia,Kia,Niro,Niro,K0004680,e-Niro (DE) 2018 - 2022,SUV,e-Niro,DE,2018,2022,27,29,P00046800101936,eNiro,Electrical,39,29,front wheel drive ,,P00046800101936,Kia,DE,39 PS / 29 kW,https://images002.bmf-application.com/optimized/PKW/240x120/KIA031.png,https://www.ronal-wheels.com/int/configurator-promo,ok,
SCRAPED_RONAL_BMF_RESEARCH_ONLY,false,2026-08-03T22:53:31.241Z,BMF Media Information Technology GmbH / ProVis4,RONAL wheel configurator,https://www.ronal-wheels.com/int/configurator-promo,RONAL-ae2f6cc4-64cd-c4ea-33a3-d38c43994ce8,Kia,Kia,Niro,Niro,K0004680,e-Niro (DE) 2018 - 2022,SUV,e-Niro,DE,2018,2022,27,29,P00046800101937,eNiro,Electrical,37,27,front wheel drive ,,P00046800101937,Kia,DE,37 PS / 27 kW,https://images002.bmf-application.com/optimized/PKW/240x120/KIA031.png,https://www.ronal-wheels.com/int/configurator-promo,ok,
SCRAPED_RONAL_BMF_RESEARCH_ONLY,false,2026-08-03T22:53:31.241Z,BMF Media Information Technology GmbH / ProVis4,RONAL wheel configurator,https://www.ronal-wheels.com/int/configurator-promo,RONAL-ae2f6cc4-64cd-c4ea-33a3-d38c43994ce8,Kia,Kia,Soul,Soul,K0004578,Soul (SK3) 2019 - ,SUV,Soul,SK3,2019,,27,29,P00045780102693,e-Soul,Electrical,39,29,front wheel drive ,,P00045780102693,Kia,SK3,39 PS / 29 kW,https://images002.bmf-application.com/optimized/PKW/240x120/KIA032.png,https://www.ronal-wheels.com/int/configurator-promo,ok,
SCRAPED_RONAL_BMF_RESEARCH_ONLY,false,2026-08-03T22:53:31.241Z,BMF Media Information Technology GmbH / ProVis4,RONAL wheel configurator,https://www.ronal-wheels.com/int/configurator-promo,RONAL-ae2f6cc4-64cd-c4ea-33a3-d38c43994ce8,Kia,Kia,Soul,Soul,K0004578,Soul (SK3) 2019 - ,SUV,Soul,SK3,2019,,27,29,P00045780103451,e-Soul,Electrical,37,27,front wheel drive ,,P00045780103451,Kia,SK3,37 PS / 27 kW,https://images002.bmf-application.com/optimized/PKW/240x120/KIA032.png,https://www.ronal-wheels.com/int/configurator-promo,ok,
SCRAPED_RONAL_BMF_RESEARCH_ONLY,false,2026-08-03T22:53:31.241Z,BMF Media Information Technology GmbH / ProVis4,RONAL wheel configurator,https://www.ronal-wheels.com/int/configurator-promo,RONAL-ae2f6cc4-64cd-c4ea-33a3-d38c43994ce8,MAN,MAN,TGE,TGE,K0004229,TGE (SYN../SZN..) 2017 - ,Transporter,TGE,SYN../SZN..,2017,,75,130,P00042290101579,TGE Elektro 3.140,Electrical,136,100,front wheel drive ,,P00042290101579,MAN,SYN../SZN..,136 PS / 100 kW,noimage.png,https://www.ronal-wheels.com/int/configurator-promo,ok,
SCRAPED_RONAL_BMF_RESEARCH_ONLY,false,2026-08-03T22:53:31.241Z,BMF Media Information Technology GmbH / ProVis4,RONAL wheel configurator,https://www.ronal-wheels.com/int/configurator-promo,RONAL-ae2f6cc4-64cd-c4ea-33a3-d38c43994ce8,Maxus,Maxus,Mifa%209,Mifa 9,K0005206,Mifa 9 (EPX1A) 2023 - ,SUV,Mifa 9,EPX1A,2023,,90,90,P00052060110744,Mifa 9,Electrical,122,90,rear wheel drive,,P00052060110744,Maxus,EPX1A,122 PS / 90 kW,noimage.png,https://www.ronal-wheels.com/int/configurator-promo,ok,
SCRAPED_RONAL_BMF_RESEARCH_ONLY,false,2026-08-03T22:53:31.241Z,BMF Media Information Technology GmbH / ProVis4,RONAL wheel configurator,https://www.ronal-wheels.com/int/configurator-promo,RONAL-ae2f6cc4-64cd-c4ea-33a3-d38c43994ce8,Mazda,Mazda,6,6,K0003883,6 Sportwagon (GH/GJ/Facelift) 2015 - 2018,Estate,6 Sportwagon,GH/GJ,2015,2018,107,141,P00038830089732,6 2.2 MZR-CD Sportwagon AWD Elektro,Electrical,175,129,All-wheel drive,2191,P00038830089732,Mazda,GH/GJ,175 PS / 129 kW,https://images002.bmf-application.com/optimized/PKW/240x120/MAZDA08.png,https://www.ronal-wheels.com/int/configurator-promo,ok,
SCRAPED_RONAL_BMF_RESEARCH_ONLY,false,2026-08-03T22:53:31.241Z,BMF Media Information Technology GmbH / ProVis4,RONAL wheel configurator,https://www.ronal-wheels.com/int/configurator-promo,RONAL-ae2f6cc4-64cd-c4ea-33a3-d38c43994ce8,Mazda,Mazda,6,6,K0005669,6e (GN) 2025 - ,Notchback,6e,GN,2025,,60,60,P00056690127208,6e,Electrical,82,60,rear wheel drive,,P00056690127208,Mazda,GN,82 PS / 60 kW,https://images002.bmf-application.com/optimized/PKW/240x120/MAZDA031.png,https://www.ronal-wheels.com/int/configurator-promo,ok,
SCRAPED_RONAL_BMF_RESEARCH_ONLY,false,2026-08-03T22:53:31.241Z,BMF Media Information Technology GmbH / ProVis4,RONAL wheel configurator,https://www.ronal-wheels.com/int/configurator-promo,RONAL-ae2f6cc4-64cd-c4ea-33a3-d38c43994ce8,Mazda,Mazda,MX-30,MX-30,K0004790,MX-30 (DR) 2020 - ,SUV,MX-30,DR,2020,,60,81,P00047900105886,e-Skyactiv ,Electrical,110,81,front wheel drive ,,P00047900105886,Mazda,DR,110 PS / 81 kW,https://images002.bmf-application.com/optimized/PKW/240x120/MAZDA021.png,https://www.ronal-wheels.com/int/configurator-promo,ok,
SCRAPED_RONAL_BMF_RESEARCH_ONLY,false,2026-08-03T22:53:31.241Z,BMF Media Information Technology GmbH / ProVis4,RONAL wheel configurator,https://www.ronal-wheels.com/int/configurator-promo,RONAL-ae2f6cc4-64cd-c4ea-33a3-d38c43994ce8,MCC Smart,MCC Smart,_231,#1,K0005149,#1 (HX11) 2022 - ,SUV,#1,HX11,2022,,75,116,P00051490110642,#1,Electrical,102,75,rear wheel drive,,P00051490110642,MCC Smart,HX11,102 PS / 75 kW,https://images002.bmf-application.com/optimized/PKW/240x120/SMART008.png,https://www.ronal-wheels.com/int/configurator-promo,ok,
SCRAPED_RONAL_BMF_RESEARCH_ONLY,false,2026-08-03T22:53:31.241Z,BMF Media Information Technology GmbH / ProVis4,RONAL wheel configurator,https://www.ronal-wheels.com/int/configurator-promo,RONAL-ae2f6cc4-64cd-c4ea-33a3-d38c43994ce8,MCC Smart,MCC Smart,_231,#1,K0005149,#1 (HX11) 2022 - ,SUV,#1,HX11,2022,,75,116,P00051490110643,#1,Electrical,158,116,All-wheel drive,,P00051490110643,MCC Smart,HX11,158 PS / 116 kW,https://images002.bmf-application.com/optimized/PKW/240x120/SMART008.png,https://www.ronal-wheels.com/int/configurator-promo,ok,
SCRAPED_RONAL_BMF_RESEARCH_ONLY,false,2026-08-03T22:53:31.241Z,BMF Media Information Technology GmbH / ProVis4,RONAL wheel configurator,https://www.ronal-wheels.com/int/configurator-promo,RONAL-ae2f6cc4-64cd-c4ea-33a3-d38c43994ce8,MCC Smart,MCC Smart,_233,#3,K0005307,#3 (HC11) 2023 - ,SUV,#3,HC11,2023,,75,116,P00053070111449,#3,Electrical,102,75,rear wheel drive,,P00053070111449,MCC Smart,HC11,102 PS / 75 kW,https://images002.bmf-application.com/optimized/PKW/240x120/SMART009.png,https://www.ronal-wheels.com/int/configurator-promo,ok,
SCRAPED_RONAL_BMF_RESEARCH_ONLY,false,2026-08-03T22:53:31.241Z,BMF Media Information Technology GmbH / ProVis4,RONAL wheel configurator,https://www.ronal-wheels.com/int/configurator-promo,RONAL-ae2f6cc4-64cd-c4ea-33a3-d38c43994ce8,MCC Smart,MCC Smart,_233,#3,K0005307,#3 (HC11) 2023 - ,SUV,#3,HC11,2023,,75,116,P00053070111450,#3,Electrical,158,116,All-wheel drive,,P00053070111450,MCC Smart,HC11,158 PS / 116 kW,https://images002.bmf-application.com/optimized/PKW/240x120/SMART009.png,https://www.ronal-wheels.com/int/configurator-promo,ok,
SCRAPED_RONAL_BMF_RESEARCH_ONLY,false,2026-08-03T22:53:31.241Z,BMF Media Information Technology GmbH / ProVis4,RONAL wheel configurator,https://www.ronal-wheels.com/int/configurator-promo,RONAL-ae2f6cc4-64cd-c4ea-33a3-d38c43994ce8,MCC Smart,MCC Smart,_235,#5,K0005631,#5 (HY11) 2025 - ,SUV,#5,HY11,2025,,78,140,P00056310126720,#5 Pulse (432kW),Electrical,166,122,All-wheel drive,,P00056310126720,MCC Smart,HY11,166 PS / 122 kW,https://images002.bmf-application.com/optimized/PKW/240x120/SMART010.png,https://www.ronal-wheels.com/int/configurator-promo,ok,
SCRAPED_RONAL_BMF_RESEARCH_ONLY,false,2026-08-03T22:53:31.241Z,BMF Media Information Technology GmbH / ProVis4,RONAL wheel configurator,https://www.ronal-wheels.com/int/configurator-promo,RONAL-ae2f6cc4-64cd-c4ea-33a3-d38c43994ce8,MCC Smart,MCC Smart,_235,#5,K0005631,#5 (HY11) 2025 - ,SUV,#5,HY11,2025,,78,140,P00056310126721,#5 Brabus (475kW),Electrical,190,140,All-wheel drive,,P00056310126721,MCC Smart,HY11,190 PS / 140 kW,https://images002.bmf-application.com/optimized/PKW/240x120/SMART010.png,https://www.ronal-wheels.com/int/configurator-promo,ok,
SCRAPED_RONAL_BMF_RESEARCH_ONLY,false,2026-08-03T22:53:31.241Z,BMF Media Information Technology GmbH / ProVis4,RONAL wheel configurator,https://www.ronal-wheels.com/int/configurator-promo,RONAL-ae2f6cc4-64cd-c4ea-33a3-d38c43994ce8,MCC Smart,MCC Smart,_235,#5,K0005631,#5 (HY11) 2025 - ,SUV,#5,HY11,2025,,78,140,P00056310127265,#5 Pro (250kW),Electrical,106,78,rear wheel drive,,P00056310127265,MCC Smart,HY11,106 PS / 78 kW,https://images002.bmf-application.com/optimized/PKW/240x120/SMART010.png,https://www.ronal-wheels.com/int/configurator-promo,ok,
SCRAPED_RONAL_BMF_RESEARCH_ONLY,false,2026-08-03T22:53:31.241Z,BMF Media Information Technology GmbH / ProVis4,RONAL wheel configurator,https://www.ronal-wheels.com/int/configurator-promo,RONAL-ae2f6cc4-64cd-c4ea-33a3-d38c43994ce8,MCC Smart,MCC Smart,_235,#5,K0005631,#5 (HY11) 2025 - ,SUV,#5,HY11,2025,,78,140,P00056310127266,#5 Pro+ (267kW),Electrical,116,85,rear wheel drive,,P00056310127266,MCC Smart,HY11,116 PS / 85 kW,https://images002.bmf-application.com/optimized/PKW/240x120/SMART010.png,https://www.ronal-wheels.com/int/configurator-promo,ok,
SCRAPED_RONAL_BMF_RESEARCH_ONLY,false,2026-08-03T22:53:31.241Z,BMF Media Information Technology GmbH / ProVis4,RONAL wheel configurator,https://www.ronal-wheels.com/int/configurator-promo,RONAL-ae2f6cc4-64cd-c4ea-33a3-d38c43994ce8,MCC Smart,MCC Smart,Forfour,Forfour,K0003756,Forfour (W 453) 2014 - 2019,Saloon,Forfour,W 453,2014,2019,41,80,P00037560098517,forfour ed / EQ forfour,Electrical,56,41,rear wheel drive,,P00037560098517,MCC Smart,W 453,56 PS / 41 kW,https://images002.bmf-application.com/optimized/PKW/240x120/SMART004.png,https://www.ronal-wheels.com/int/configurator-promo,ok,
SCRAPED_RONAL_BMF_RESEARCH_ONLY,false,2026-08-03T22:53:31.241Z,BMF Media Information Technology GmbH / ProVis4,RONAL wheel configurator,https://www.ronal-wheels.com/int/configurator-promo,RONAL-ae2f6cc4-64cd-c4ea-33a3-d38c43994ce8,MCC Smart,MCC Smart,Forfour,Forfour,K0004735,Forfour (W 453/Facelift) 2019 - ,Saloon,Forfour,W 453,2019,,41,41,P00047350105072,EQ forfour,Electrical,56,41,rear wheel drive,,P00047350105072,MCC Smart,W 453,56 PS / 41 kW,https://images002.bmf-application.com/optimized/PKW/240x120/SMART007.png,https://www.ronal-wheels.com/int/configurator-promo,ok,
SCRAPED_RONAL_BMF_RESEARCH_ONLY,false,2026-08-03T22:53:31.241Z,BMF Media Information Technology GmbH / ProVis4,RONAL wheel configurator,https://www.ronal-wheels.com/int/configurator-promo,RONAL-ae2f6cc4-64cd-c4ea-33a3-d38c43994ce8,MCC Smart,MCC Smart,Fortwo,Fortwo,K0003757,Fortwo (453) 2014 - 2019,Coupe,Fortwo,453,2014,2019,41,80,P00037570098519,fortwo coupe ed / EQ fortwo,Electrical,56,41,rear wheel drive,,P00037570098519,MCC Smart,453,56 PS / 41 kW,https://images002.bmf-application.com/optimized/PKW/240x120/SMART002.png,https://www.ronal-wheels.com/int/configurator-promo,ok,
SCRAPED_RONAL_BMF_RESEARCH_ONLY,false,2026-08-03T22:53:31.241Z,BMF Media Information Technology GmbH / ProVis4,RONAL wheel configurator,https://www.ronal-wheels.com/int/configurator-promo,RONAL-ae2f6cc4-64cd-c4ea-33a3-d38c43994ce8,MCC Smart,MCC Smart,Fortwo,Fortwo,K0004736,Fortwo (453/Facelift) 2019 - ,Coupe,Fortwo,453,2019,,41,41,P00047360105073,EQ fortwo coupe,Electrical,56,41,rear wheel drive,,P00047360105073,MCC Smart,453,56 PS / 41 kW,https://images002.bmf-application.com/optimized/PKW/240x120/SMART005.png,https://www.ronal-wheels.com/int/configurator-promo,ok,
SCRAPED_RONAL_BMF_RESEARCH_ONLY,false,2026-08-03T22:53:31.241Z,BMF Media Information Technology GmbH / ProVis4,RONAL wheel configurator,https://www.ronal-wheels.com/int/configurator-promo,RONAL-ae2f6cc4-64cd-c4ea-33a3-d38c43994ce8,MCC Smart,MCC Smart,Fortwo,Fortwo,K0003979,Fortwo Convertible (453) 2016 - 2019,Convertible,Fortwo Convertible,453,2016,2019,41,80,P00039790098518,EQ fortwo cabrio,Electrical,56,41,rear wheel drive,,P00039790098518,MCC Smart,453,56 PS / 41 kW,https://images002.bmf-application.com/optimized/PKW/240x120/SMART003.png,https://www.ronal-wheels.com/int/configurator-promo,ok,
SCRAPED_RONAL_BMF_RESEARCH_ONLY,false,2026-08-03T22:53:31.241Z,BMF Media Information Technology GmbH / ProVis4,RONAL wheel configurator,https://www.ronal-wheels.com/int/configurator-promo,RONAL-ae2f6cc4-64cd-c4ea-33a3-d38c43994ce8,MCC Smart,MCC Smart,Fortwo,Fortwo,K0004737,Fortwo Convertible (453/Facelift) 2019 - ,Convertible,Fortwo Convertible,453,2019,,41,41,P00047370105074,EQ fortwo cabrio,Electrical,56,41,rear wheel drive,,P00047370105074,MCC Smart,453,56 PS / 41 kW,https://images002.bmf-application.com/optimized/PKW/240x120/SMART006.png,https://www.ronal-wheels.com/int/configurator-promo,ok,
SCRAPED_RONAL_BMF_RESEARCH_ONLY,false,2026-08-03T22:53:31.241Z,BMF Media Information Technology GmbH / ProVis4,RONAL wheel configurator,https://www.ronal-wheels.com/int/configurator-promo,RONAL-ae2f6cc4-64cd-c4ea-33a3-d38c43994ce8,Mercedes,Mercedes,B-Klasse,B-Class,K0003828,B-Class (246/Facelift) 2014 - 2018,Hatchback,B-Class,246,2014,2018,65,155,P00038280089027,B electric drive,Electrical,88,65,front wheel drive ,,P00038280089027,Mercedes,246,88 PS / 65 kW,https://images002.bmf-application.com/optimized/PKW/240x120/MB037.png,https://www.ronal-wheels.com/int/configurator-promo,ok,
SCRAPED_RONAL_BMF_RESEARCH_ONLY,false,2026-08-03T22:53:31.241Z,BMF Media Information Technology GmbH / ProVis4,RONAL wheel configurator,https://www.ronal-wheels.com/int/configurator-promo,RONAL-ae2f6cc4-64cd-c4ea-33a3-d38c43994ce8,Mercedes,Mercedes,Citan,Citan,K0005019,Citan (MFK) 2021 - ,Van,Citan,MFK,2021,,51,96,P00050190110303,eCitan,Electrical,69,51,front wheel drive ,,P00050190110303,Mercedes,MFK,69 PS / 51 kW,https://images002.bmf-application.com/optimized/PKW/240x120/MB129.png,https://www.ronal-wheels.com/int/configurator-promo,ok,
SCRAPED_RONAL_BMF_RESEARCH_ONLY,false,2026-08-03T22:53:31.241Z,BMF Media Information Technology GmbH / ProVis4,RONAL wheel configurator,https://www.ronal-wheels.com/int/configurator-promo,RONAL-ae2f6cc4-64cd-c4ea-33a3-d38c43994ce8,Mercedes,Mercedes,EQA,EQA,K0004869,EQA (F2B) 2021 - 2023,SUV,EQA,F2B,2021,2023,80,139,P00048690107006,EQA 250,Electrical,109,80,front wheel drive ,,P00048690107006,Mercedes,F2B,109 PS / 80 kW,https://images002.bmf-application.com/optimized/PKW/240x120/MB123.png,https://www.ronal-wheels.com/int/configurator-promo,ok,
SCRAPED_RONAL_BMF_RESEARCH_ONLY,false,2026-08-03T22:53:31.241Z,BMF Media Information Technology GmbH / ProVis4,RONAL wheel configurator,https://www.ronal-wheels.com/int/configurator-promo,RONAL-ae2f6cc4-64cd-c4ea-33a3-d38c43994ce8,Mercedes,Mercedes,EQA,EQA,K0004869,EQA (F2B) 2021 - 2023,SUV,EQA,F2B,2021,2023,80,139,P00048690107991,EQA 300 4Matic,Electrical,189,139,All-wheel drive,,P00048690107991,Mercedes,F2B,189 PS / 139 kW,https://images002.bmf-application.com/optimized/PKW/240x120/MB123.png,https://www.ronal-wheels.com/int/configurator-promo,ok,
SCRAPED_RONAL_BMF_RESEARCH_ONLY,false,2026-08-03T22:53:31.241Z,BMF Media Information Technology GmbH / ProVis4,RONAL wheel configurator,https://www.ronal-wheels.com/int/configurator-promo,RONAL-ae2f6cc4-64cd-c4ea-33a3-d38c43994ce8,Mercedes,Mercedes,EQA,EQA,K0004869,EQA (F2B) 2021 - 2023,SUV,EQA,F2B,2021,2023,80,139,P00048690107992,EQA 350 4Matic,Electrical,189,139,All-wheel drive,,P00048690107992,Mercedes,F2B,189 PS / 139 kW,https://images002.bmf-application.com/optimized/PKW/240x120/MB123.png,https://www.ronal-wheels.com/int/configurator-promo,ok,
SCRAPED_RONAL_BMF_RESEARCH_ONLY,false,2026-08-03T22:53:31.241Z,BMF Media Information Technology GmbH / ProVis4,RONAL wheel configurator,https://www.ronal-wheels.com/int/configurator-promo,RONAL-ae2f6cc4-64cd-c4ea-33a3-d38c43994ce8,Mercedes,Mercedes,EQA,EQA,K0004869,EQA (F2B) 2021 - 2023,SUV,EQA,F2B,2021,2023,80,139,P00048690109011,EQA 250+,Electrical,129,95,front wheel drive ,,P00048690109011,Mercedes,F2B,129 PS / 95 kW,https://images002.bmf-application.com/optimized/PKW/240x120/MB123.png,https://www.ronal-wheels.com/int/configurator-promo,ok,
SCRAPED_RONAL_BMF_RESEARCH_ONLY,false,2026-08-03T22:53:31.241Z,BMF Media Information Technology GmbH / ProVis4,RONAL wheel configurator,https://www.ronal-wheels.com/int/configurator-promo,RONAL-ae2f6cc4-64cd-c4ea-33a3-d38c43994ce8,Mercedes,Mercedes,EQA,EQA,K0004869,EQA (F2B) 2021 - 2023,SUV,EQA,F2B,2021,2023,80,139,P00048690109973,EQA 250,Electrical,151,111,front wheel drive ,,P00048690109973,Mercedes,F2B,151 PS / 111 kW,https://images002.bmf-application.com/optimized/PKW/240x120/MB123.png,https://www.ronal-wheels.com/int/configurator-promo,ok,
SCRAPED_RONAL_BMF_RESEARCH_ONLY,false,2026-08-03T22:53:31.241Z,BMF Media Information Technology GmbH / ProVis4,RONAL wheel configurator,https://www.ronal-wheels.com/int/configurator-promo,RONAL-ae2f6cc4-64cd-c4ea-33a3-d38c43994ce8,Mercedes,Mercedes,EQA,EQA,K0005414,EQA (F2B/Facelift) 2024 - ,SUV,EQA,F2B,2024,,95,139,P00054140123694,EQA 250,Electrical,151,111,rear wheel drive,,P00054140123694,Mercedes,F2B,151 PS / 111 kW,https://images002.bmf-application.com/optimized/PKW/240x120/MB179.png,https://www.ronal-wheels.com/int/configurator-promo,ok,
SCRAPED_RONAL_BMF_RESEARCH_ONLY,false,2026-08-03T22:53:31.241Z,BMF Media Information Technology GmbH / ProVis4,RONAL wheel configurator,https://www.ronal-wheels.com/int/configurator-promo,RONAL-ae2f6cc4-64cd-c4ea-33a3-d38c43994ce8,Mercedes,Mercedes,EQA,EQA,K0005414,EQA (F2B/Facelift) 2024 - ,SUV,EQA,F2B,2024,,95,139,P00054140123695,EQA 300 4Matic,Electrical,189,139,All-wheel drive,,P00054140123695,Mercedes,F2B,189 PS / 139 kW,https://images002.bmf-application.com/optimized/PKW/240x120/MB179.png,https://www.ronal-wheels.com/int/configurator-promo,ok,
SCRAPED_RONAL_BMF_RESEARCH_ONLY,false,2026-08-03T22:53:31.241Z,BMF Media Information Technology GmbH / ProVis4,RONAL wheel configurator,https://www.ronal-wheels.com/int/configurator-promo,RONAL-ae2f6cc4-64cd-c4ea-33a3-d38c43994ce8,Mercedes,Mercedes,EQA,EQA,K0005414,EQA (F2B/Facelift) 2024 - ,SUV,EQA,F2B,2024,,95,139,P00054140123696,EQA 250+,Electrical,129,95,rear wheel drive,,P00054140123696,Mercedes,F2B,129 PS / 95 kW,https://images002.bmf-application.com/optimized/PKW/240x120/MB179.png,https://www.ronal-wheels.com/int/configurator-promo,ok,
SCRAPED_RONAL_BMF_RESEARCH_ONLY,false,2026-08-03T22:53:31.241Z,BMF Media Information Technology GmbH / ProVis4,RONAL wheel configurator,https://www.ronal-wheels.com/int/configurator-promo,RONAL-ae2f6cc4-64cd-c4ea-33a3-d38c43994ce8,Mercedes,Mercedes,EQA,EQA,K0005414,EQA (F2B/Facelift) 2024 - ,SUV,EQA,F2B,2024,,95,139,P00054140124424,EQA 350 4Matic,Electrical,177,130,All-wheel drive,,P00054140124424,Mercedes,F2B,177 PS / 130 kW,https://images002.bmf-application.com/optimized/PKW/240x120/MB179.png,https://www.ronal-wheels.com/int/configurator-promo,ok,
SCRAPED_RONAL_BMF_RESEARCH_ONLY,false,2026-08-03T22:53:31.241Z,BMF Media Information Technology GmbH / ProVis4,RONAL wheel configurator,https://www.ronal-wheels.com/int/configurator-promo,RONAL-ae2f6cc4-64cd-c4ea-33a3-d38c43994ce8,Mercedes,Mercedes,EQA,EQA,K0005414,EQA (F2B/Facelift) 2024 - ,SUV,EQA,F2B,2024,,95,139,P00054140126597,EQA 300 4Matic,Electrical,177,130,All-wheel drive,,P00054140126597,Mercedes,F2B,177 PS / 130 kW,https://images002.bmf-application.com/optimized/PKW/240x120/MB179.png,https://www.ronal-wheels.com/int/configurator-promo,ok,
SCRAPED_RONAL_BMF_RESEARCH_ONLY,false,2026-08-03T22:53:31.241Z,BMF Media Information Technology GmbH / ProVis4,RONAL wheel configurator,https://www.ronal-wheels.com/int/configurator-promo,RONAL-ae2f6cc4-64cd-c4ea-33a3-d38c43994ce8,Mercedes,Mercedes,EQB,EQB,K0005005,EQB (F2B) 2021 - 2023,SUV,EQB,F2B,2021,2023,95,139,P00050050108560,EQB 300 4Matic,Electrical,189,139,All-wheel drive,,P00050050108560,Mercedes,F2B,189 PS / 139 kW,https://images002.bmf-application.com/optimized/PKW/240x120/MB128.png,https://www.ronal-wheels.com/int/configurator-promo,ok,
SCRAPED_RONAL_BMF_RESEARCH_ONLY,false,2026-08-03T22:53:31.241Z,BMF Media Information Technology GmbH / ProVis4,RONAL wheel configurator,https://www.ronal-wheels.com/int/configurator-promo,RONAL-ae2f6cc4-64cd-c4ea-33a3-d38c43994ce8,Mercedes,Mercedes,EQB,EQB,K0005005,EQB (F2B) 2021 - 2023,SUV,EQB,F2B,2021,2023,95,139,P00050050108561,EQB 350 4Matic,Electrical,189,139,All-wheel drive,,P00050050108561,Mercedes,F2B,189 PS / 139 kW,https://images002.bmf-application.com/optimized/PKW/240x120/MB128.png,https://www.ronal-wheels.com/int/configurator-promo,ok,
SCRAPED_RONAL_BMF_RESEARCH_ONLY,false,2026-08-03T22:53:31.241Z,BMF Media Information Technology GmbH / ProVis4,RONAL wheel configurator,https://www.ronal-wheels.com/int/configurator-promo,RONAL-ae2f6cc4-64cd-c4ea-33a3-d38c43994ce8,Mercedes,Mercedes,EQB,EQB,K0005005,EQB (F2B) 2021 - 2023,SUV,EQB,F2B,2021,2023,95,139,P00050050109012,EQB 250,Electrical,151,111,front wheel drive ,,P00050050109012,Mercedes,F2B,151 PS / 111 kW,https://images002.bmf-application.com/optimized/PKW/240x120/MB128.png,https://www.ronal-wheels.com/int/configurator-promo,ok,
SCRAPED_RONAL_BMF_RESEARCH_ONLY,false,2026-08-03T22:53:31.241Z,BMF Media Information Technology GmbH / ProVis4,RONAL wheel configurator,https://www.ronal-wheels.com/int/configurator-promo,RONAL-ae2f6cc4-64cd-c4ea-33a3-d38c43994ce8,Mercedes,Mercedes,EQB,EQB,K0005005,EQB (F2B) 2021 - 2023,SUV,EQB,F2B,2021,2023,95,139,P00050050110304,EQB 250+,Electrical,129,95,front wheel drive ,,P00050050110304,Mercedes,F2B,129 PS / 95 kW,https://images002.bmf-application.com/optimized/PKW/240x120/MB128.png,https://www.ronal-wheels.com/int/configurator-promo,ok,
SCRAPED_RONAL_BMF_RESEARCH_ONLY,false,2026-08-03T22:53:31.241Z,BMF Media Information Technology GmbH / ProVis4,RONAL wheel configurator,https://www.ronal-wheels.com/int/configurator-promo,RONAL-ae2f6cc4-64cd-c4ea-33a3-d38c43994ce8,Mercedes,Mercedes,EQB,EQB,K0005415,EQB (F2B/Facelift) 2024 - ,SUV,EQB,F2B,2024,,95,139,P00054150123697,EQB 250,Electrical,151,111,rear wheel drive,,P00054150123697,Mercedes,F2B,151 PS / 111 kW,https://images002.bmf-application.com/optimized/PKW/240x120/MB180.png,https://www.ronal-wheels.com/int/configurator-promo,ok,
SCRAPED_RONAL_BMF_RESEARCH_ONLY,false,2026-08-03T22:53:31.241Z,BMF Media Information Technology GmbH / ProVis4,RONAL wheel configurator,https://www.ronal-wheels.com/int/configurator-promo,RONAL-ae2f6cc4-64cd-c4ea-33a3-d38c43994ce8,Mercedes,Mercedes,EQB,EQB,K0005415,EQB (F2B/Facelift) 2024 - ,SUV,EQB,F2B,2024,,95,139,P00054150123698,EQB 300 4Matic,Electrical,189,139,All-wheel drive,,P00054150123698,Mercedes,F2B,189 PS / 139 kW,https://images002.bmf-application.com/optimized/PKW/240x120/MB180.png,https://www.ronal-wheels.com/int/configurator-promo,ok,
SCRAPED_RONAL_BMF_RESEARCH_ONLY,false,2026-08-03T22:53:31.241Z,BMF Media Information Technology GmbH / ProVis4,RONAL wheel configurator,https://www.ronal-wheels.com/int/configurator-promo,RONAL-ae2f6cc4-64cd-c4ea-33a3-d38c43994ce8,Mercedes,Mercedes,EQB,EQB,K0005415,EQB (F2B/Facelift) 2024 - ,SUV,EQB,F2B,2024,,95,139,P00054150123699,EQB 250+,Electrical,129,95,rear wheel drive,,P00054150123699,Mercedes,F2B,129 PS / 95 kW,https://images002.bmf-application.com/optimized/PKW/240x120/MB180.png,https://www.ronal-wheels.com/int/configurator-promo,ok,
SCRAPED_RONAL_BMF_RESEARCH_ONLY,false,2026-08-03T22:53:31.241Z,BMF Media Information Technology GmbH / ProVis4,RONAL wheel configurator,https://www.ronal-wheels.com/int/configurator-promo,RONAL-ae2f6cc4-64cd-c4ea-33a3-d38c43994ce8,Mercedes,Mercedes,EQB,EQB,K0005415,EQB (F2B/Facelift) 2024 - ,SUV,EQB,F2B,2024,,95,139,P00054150123700,EQB 350 4Matic,Electrical,189,139,All-wheel drive,,P00054150123700,Mercedes,F2B,189 PS / 139 kW,https://images002.bmf-application.com/optimized/PKW/240x120/MB180.png,https://www.ronal-wheels.com/int/configurator-promo,ok,
SCRAPED_RONAL_BMF_RESEARCH_ONLY,false,2026-08-03T22:53:31.241Z,BMF Media Information Technology GmbH / ProVis4,RONAL wheel configurator,https://www.ronal-wheels.com/int/configurator-promo,RONAL-ae2f6cc4-64cd-c4ea-33a3-d38c43994ce8,Mercedes,Mercedes,EQB,EQB,K0005415,EQB (F2B/Facelift) 2024 - ,SUV,EQB,F2B,2024,,95,139,P00054150124425,EQB 350 4Matic,Electrical,177,130,All-wheel drive,,P00054150124425,Mercedes,F2B,177 PS / 130 kW,https://images002.bmf-application.com/optimized/PKW/240x120/MB180.png,https://www.ronal-wheels.com/int/configurator-promo,ok,
SCRAPED_RONAL_BMF_RESEARCH_ONLY,false,2026-08-03T22:53:31.241Z,BMF Media Information Technology GmbH / ProVis4,RONAL wheel configurator,https://www.ronal-wheels.com/int/configurator-promo,RONAL-ae2f6cc4-64cd-c4ea-33a3-d38c43994ce8,Mercedes,Mercedes,EQB,EQB,K0005415,EQB (F2B/Facelift) 2024 - ,SUV,EQB,F2B,2024,,95,139,P00054150126598,EQB 300 4Matic,Electrical,177,130,All-wheel drive,,P00054150126598,Mercedes,F2B,177 PS / 130 kW,https://images002.bmf-application.com/optimized/PKW/240x120/MB180.png,https://www.ronal-wheels.com/int/configurator-promo,ok,
SCRAPED_RONAL_BMF_RESEARCH_ONLY,false,2026-08-03T22:53:31.241Z,BMF Media Information Technology GmbH / ProVis4,RONAL wheel configurator,https://www.ronal-wheels.com/int/configurator-promo,RONAL-ae2f6cc4-64cd-c4ea-33a3-d38c43994ce8,Mercedes,Mercedes,EQC,EQC,K0004607,EQC (N 293 (204 X)) 2019 - ,SUV,EQC,N 293 (204 X),2019,,145,145,P00046070103472,EQC 400 4MATIC,Electrical,197,145,All-wheel drive,,P00046070103472,Mercedes,N 293 (204 X),197 PS / 145 kW,https://images002.bmf-application.com/optimized/PKW/240x120/MB088.png,https://www.ronal-wheels.com/int/configurator-promo,ok,
SCRAPED_RONAL_BMF_RESEARCH_ONLY,false,2026-08-03T22:53:31.241Z,BMF Media Information Technology GmbH / ProVis4,RONAL wheel configurator,https://www.ronal-wheels.com/int/configurator-promo,RONAL-ae2f6cc4-64cd-c4ea-33a3-d38c43994ce8,Mercedes,Mercedes,EQE,EQE,K0005076,EQE (E2EQEW) 2022 - ,Saloon,EQE,E2EQEW,2022,,109,135,P00050760109706,EQE 350+,Electrical,148,109,rear wheel drive,,P00050760109706,Mercedes,E2EQEW,148 PS / 109 kW,https://images002.bmf-application.com/optimized/PKW/240x120/MB135.png,https://www.ronal-wheels.com/int/configurator-promo,ok,
SCRAPED_RONAL_BMF_RESEARCH_ONLY,false,2026-08-03T22:53:31.241Z,BMF Media Information Technology GmbH / ProVis4,RONAL wheel configurator,https://www.ronal-wheels.com/int/configurator-promo,RONAL-ae2f6cc4-64cd-c4ea-33a3-d38c43994ce8,Mercedes,Mercedes,EQE,EQE,K0005076,EQE (E2EQEW) 2022 - ,Saloon,EQE,E2EQEW,2022,,109,135,P00050760110461,EQE 350 4Matic,Electrical,184,135,All-wheel drive,,P00050760110461,Mercedes,E2EQEW,184 PS / 135 kW,https://images002.bmf-application.com/optimized/PKW/240x120/MB135.png,https://www.ronal-wheels.com/int/configurator-promo,ok,
SCRAPED_RONAL_BMF_RESEARCH_ONLY,false,2026-08-03T22:53:31.241Z,BMF Media Information Technology GmbH / ProVis4,RONAL wheel configurator,https://www.ronal-wheels.com/int/configurator-promo,RONAL-ae2f6cc4-64cd-c4ea-33a3-d38c43994ce8,Mercedes,Mercedes,EQE,EQE,K0005076,EQE (E2EQEW) 2022 - ,Saloon,EQE,E2EQEW,2022,,109,135,P00050760110462,EQE 500 4Matic,Electrical,184,135,All-wheel drive,,P00050760110462,Mercedes,E2EQEW,184 PS / 135 kW,https://images002.bmf-application.com/optimized/PKW/240x120/MB135.png,https://www.ronal-wheels.com/int/configurator-promo,ok,
SCRAPED_RONAL_BMF_RESEARCH_ONLY,false,2026-08-03T22:53:31.241Z,BMF Media Information Technology GmbH / ProVis4,RONAL wheel configurator,https://www.ronal-wheels.com/int/configurator-promo,RONAL-ae2f6cc4-64cd-c4ea-33a3-d38c43994ce8,Mercedes,Mercedes,EQE,EQE,K0005076,EQE (E2EQEW) 2022 - ,Saloon,EQE,E2EQEW,2022,,109,135,P00050760110463,EQE 300,Electrical,148,109,rear wheel drive,,P00050760110463,Mercedes,E2EQEW,148 PS / 109 kW,https://images002.bmf-application.com/optimized/PKW/240x120/MB135.png,https://www.ronal-wheels.com/int/configurator-promo,ok,
SCRAPED_RONAL_BMF_RESEARCH_ONLY,false,2026-08-03T22:53:31.241Z,BMF Media Information Technology GmbH / ProVis4,RONAL wheel configurator,https://www.ronal-wheels.com/int/configurator-promo,RONAL-ae2f6cc4-64cd-c4ea-33a3-d38c43994ce8,Mercedes,Mercedes,EQE,EQE,K0005076,EQE (E2EQEW) 2022 - ,Saloon,EQE,E2EQEW,2022,,109,135,P00050760110464,EQE 350,Electrical,148,109,rear wheel drive,,P00050760110464,Mercedes,E2EQEW,148 PS / 109 kW,https://images002.bmf-application.com/optimized/PKW/240x120/MB135.png,https://www.ronal-wheels.com/int/configurator-promo,ok,
SCRAPED_RONAL_BMF_RESEARCH_ONLY,false,2026-08-03T22:53:31.241Z,BMF Media Information Technology GmbH / ProVis4,RONAL wheel configurator,https://www.ronal-wheels.com/int/configurator-promo,RONAL-ae2f6cc4-64cd-c4ea-33a3-d38c43994ce8,Mercedes,Mercedes,EQS,EQS,K0004982,EQS (E2EQSW) 2021 - 2024,Saloon,EQS,E2EQSW,2021,2024,109,135,P00049820108454,EQS 450+,Electrical,148,109,rear wheel drive,,P00049820108454,Mercedes,E2EQSW,148 PS / 109 kW,https://images002.bmf-application.com/optimized/PKW/240x120/MB131.png,https://www.ronal-wheels.com/int/configurator-promo,ok,
SCRAPED_RONAL_BMF_RESEARCH_ONLY,false,2026-08-03T22:53:31.241Z,BMF Media Information Technology GmbH / ProVis4,RONAL wheel configurator,https://www.ronal-wheels.com/int/configurator-promo,RONAL-ae2f6cc4-64cd-c4ea-33a3-d38c43994ce8,Mercedes,Mercedes,EQS,EQS,K0004982,EQS (E2EQSW) 2021 - 2024,Saloon,EQS,E2EQSW,2021,2024,109,135,P00049820108455,EQS 580 4Matic,Electrical,184,135,All-wheel drive,,P00049820108455,Mercedes,E2EQSW,184 PS / 135 kW,https://images002.bmf-application.com/optimized/PKW/240x120/MB131.png,https://www.ronal-wheels.com/int/configurator-promo,ok,
SCRAPED_RONAL_BMF_RESEARCH_ONLY,false,2026-08-03T22:53:31.241Z,BMF Media Information Technology GmbH / ProVis4,RONAL wheel configurator,https://www.ronal-wheels.com/int/configurator-promo,RONAL-ae2f6cc4-64cd-c4ea-33a3-d38c43994ce8,Mercedes,Mercedes,EQS,EQS,K0004982,EQS (E2EQSW) 2021 - 2024,Saloon,EQS,E2EQSW,2021,2024,109,135,P00049820110982,EQS 450 4Matic,Electrical,184,135,All-wheel drive,,P00049820110982,Mercedes,E2EQSW,184 PS / 135 kW,https://images002.bmf-application.com/optimized/PKW/240x120/MB131.png,https://www.ronal-wheels.com/int/configurator-promo,ok,
SCRAPED_RONAL_BMF_RESEARCH_ONLY,false,2026-08-03T22:53:31.241Z,BMF Media Information Technology GmbH / ProVis4,RONAL wheel configurator,https://www.ronal-wheels.com/int/configurator-promo,RONAL-ae2f6cc4-64cd-c4ea-33a3-d38c43994ce8,Mercedes,Mercedes,EQS,EQS,K0004982,EQS (E2EQSW) 2021 - 2024,Saloon,EQS,E2EQSW,2021,2024,109,135,P00049820110983,EQS 500 4Matic,Electrical,184,135,All-wheel drive,,P00049820110983,Mercedes,E2EQSW,184 PS / 135 kW,https://images002.bmf-application.com/optimized/PKW/240x120/MB131.png,https://www.ronal-wheels.com/int/configurator-promo,ok,
SCRAPED_RONAL_BMF_RESEARCH_ONLY,false,2026-08-03T22:53:31.241Z,BMF Media Information Technology GmbH / ProVis4,RONAL wheel configurator,https://www.ronal-wheels.com/int/configurator-promo,RONAL-ae2f6cc4-64cd-c4ea-33a3-d38c43994ce8,Mercedes,Mercedes,EQS,EQS,K0004982,EQS (E2EQSW) 2021 - 2024,Saloon,EQS,E2EQSW,2021,2024,109,135,P00049820110984,EQS 350,Electrical,148,109,rear wheel drive,,P00049820110984,Mercedes,E2EQSW,148 PS / 109 kW,https://images002.bmf-application.com/optimized/PKW/240x120/MB131.png,https://www.ronal-wheels.com/int/configurator-promo,ok,
SCRAPED_RONAL_BMF_RESEARCH_ONLY,false,2026-08-03T22:53:31.241Z,BMF Media Information Technology GmbH / ProVis4,RONAL wheel configurator,https://www.ronal-wheels.com/int/configurator-promo,RONAL-ae2f6cc4-64cd-c4ea-33a3-d38c43994ce8,Mercedes,Mercedes,EQS,EQS,K0005625,EQS (E2EQSW/Facelift) 2024 - 2026,Saloon,EQS,E2EQSW,2024,2026,109,135,P00056250126683,EQS 350,Electrical,148,109,rear wheel drive,,P00056250126683,Mercedes,E2EQSW,148 PS / 109 kW,https://images002.bmf-application.com/optimized/PKW/240x120/MB189.png,https://www.ronal-wheels.com/int/configurator-promo,ok,
SCRAPED_RONAL_BMF_RESEARCH_ONLY,false,2026-08-03T22:53:31.241Z,BMF Media Information Technology GmbH / ProVis4,RONAL wheel configurator,https://www.ronal-wheels.com/int/configurator-promo,RONAL-ae2f6cc4-64cd-c4ea-33a3-d38c43994ce8,Mercedes,Mercedes,EQS,EQS,K0005625,EQS (E2EQSW/Facelift) 2024 - 2026,Saloon,EQS,E2EQSW,2024,2026,109,135,P00056250126684,EQS 450 4Matic,Electrical,184,135,All-wheel drive,,P00056250126684,Mercedes,E2EQSW,184 PS / 135 kW,https://images002.bmf-application.com/optimized/PKW/240x120/MB189.png,https://www.ronal-wheels.com/int/configurator-promo,ok,
SCRAPED_RONAL_BMF_RESEARCH_ONLY,false,2026-08-03T22:53:31.241Z,BMF Media Information Technology GmbH / ProVis4,RONAL wheel configurator,https://www.ronal-wheels.com/int/configurator-promo,RONAL-ae2f6cc4-64cd-c4ea-33a3-d38c43994ce8,Mercedes,Mercedes,EQS,EQS,K0005625,EQS (E2EQSW/Facelift) 2024 - 2026,Saloon,EQS,E2EQSW,2024,2026,109,135,P00056250126685,EQS 450+,Electrical,148,109,rear wheel drive,,P00056250126685,Mercedes,E2EQSW,148 PS / 109 kW,https://images002.bmf-application.com/optimized/PKW/240x120/MB189.png,https://www.ronal-wheels.com/int/configurator-promo,ok,
SCRAPED_RONAL_BMF_RESEARCH_ONLY,false,2026-08-03T22:53:31.241Z,BMF Media Information Technology GmbH / ProVis4,RONAL wheel configurator,https://www.ronal-wheels.com/int/configurator-promo,RONAL-ae2f6cc4-64cd-c4ea-33a3-d38c43994ce8,Mercedes,Mercedes,EQS,EQS,K0005625,EQS (E2EQSW/Facelift) 2024 - 2026,Saloon,EQS,E2EQSW,2024,2026,109,135,P00056250126686,EQS 500 4Matic,Electrical,184,135,All-wheel drive,,P00056250126686,Mercedes,E2EQSW,184 PS / 135 kW,https://images002.bmf-application.com/optimized/PKW/240x120/MB189.png,https://www.ronal-wheels.com/int/configurator-promo,ok,
SCRAPED_RONAL_BMF_RESEARCH_ONLY,false,2026-08-03T22:53:31.241Z,BMF Media Information Technology GmbH / ProVis4,RONAL wheel configurator,https://www.ronal-wheels.com/int/configurator-promo,RONAL-ae2f6cc4-64cd-c4ea-33a3-d38c43994ce8,Mercedes,Mercedes,EQS,EQS,K0005625,EQS (E2EQSW/Facelift) 2024 - 2026,Saloon,EQS,E2EQSW,2024,2026,109,135,P00056250126687,EQS 580 4Matic,Electrical,184,135,All-wheel drive,,P00056250126687,Mercedes,E2EQSW,184 PS / 135 kW,https://images002.bmf-application.com/optimized/PKW/240x120/MB189.png,https://www.ronal-wheels.com/int/configurator-promo,ok,
SCRAPED_RONAL_BMF_RESEARCH_ONLY,false,2026-08-03T22:53:31.241Z,BMF Media Information Technology GmbH / ProVis4,RONAL wheel configurator,https://www.ronal-wheels.com/int/configurator-promo,RONAL-ae2f6cc4-64cd-c4ea-33a3-d38c43994ce8,Mercedes,Mercedes,EQS,EQS,K0005144,EQS (E2EQSX) 2022 - 2024,SUV,EQS,E2EQSX,2022,2024,135,135,P00051440110425,EQS 450 4Matic,Electrical,184,135,All-wheel drive,,P00051440110425,Mercedes,E2EQSX,184 PS / 135 kW,https://images002.bmf-application.com/optimized/PKW/240x120/MB142.png,https://www.ronal-wheels.com/int/configurator-promo,ok,
SCRAPED_RONAL_BMF_RESEARCH_ONLY,false,2026-08-03T22:53:31.241Z,BMF Media Information Technology GmbH / ProVis4,RONAL wheel configurator,https://www.ronal-wheels.com/int/configurator-promo,RONAL-ae2f6cc4-64cd-c4ea-33a3-d38c43994ce8,Mercedes,Mercedes,EQS,EQS,K0005144,EQS (E2EQSX) 2022 - 2024,SUV,EQS,E2EQSX,2022,2024,135,135,P00051440110426,EQS 500 4Matic,Electrical,184,135,All-wheel drive,,P00051440110426,Mercedes,E2EQSX,184 PS / 135 kW,https://images002.bmf-application.com/optimized/PKW/240x120/MB142.png,https://www.ronal-wheels.com/int/configurator-promo,ok,
SCRAPED_RONAL_BMF_RESEARCH_ONLY,false,2026-08-03T22:53:31.241Z,BMF Media Information Technology GmbH / ProVis4,RONAL wheel configurator,https://www.ronal-wheels.com/int/configurator-promo,RONAL-ae2f6cc4-64cd-c4ea-33a3-d38c43994ce8,Mercedes,Mercedes,EQS,EQS,K0005144,EQS (E2EQSX) 2022 - 2024,SUV,EQS,E2EQSX,2022,2024,135,135,P00051440110427,EQS 580 4Matic,Electrical,184,135,All-wheel drive,,P00051440110427,Mercedes,E2EQSX,184 PS / 135 kW,https://images002.bmf-application.com/optimized/PKW/240x120/MB142.png,https://www.ronal-wheels.com/int/configurator-promo,ok,
SCRAPED_RONAL_BMF_RESEARCH_ONLY,false,2026-08-03T22:53:31.241Z,BMF Media Information Technology GmbH / ProVis4,RONAL wheel configurator,https://www.ronal-wheels.com/int/configurator-promo,RONAL-ae2f6cc4-64cd-c4ea-33a3-d38c43994ce8,Mercedes,Mercedes,EQS,EQS,K0005626,EQS (E2EQSX/Facelift) 2024 - ,SUV,EQS,E2EQSX,2024,,135,135,P00056260126688,EQS 450 4Matic,Electrical,184,135,All-wheel drive,,P00056260126688,Mercedes,E2EQSX,184 PS / 135 kW,https://images002.bmf-application.com/optimized/PKW/240x120/MB190.png,https://www.ronal-wheels.com/int/configurator-promo,ok,
SCRAPED_RONAL_BMF_RESEARCH_ONLY,false,2026-08-03T22:53:31.241Z,BMF Media Information Technology GmbH / ProVis4,RONAL wheel configurator,https://www.ronal-wheels.com/int/configurator-promo,RONAL-ae2f6cc4-64cd-c4ea-33a3-d38c43994ce8,Mercedes,Mercedes,EQS,EQS,K0005626,EQS (E2EQSX/Facelift) 2024 - ,SUV,EQS,E2EQSX,2024,,135,135,P00056260126690,EQS 500 4Matic,Electrical,184,135,All-wheel drive,,P00056260126690,Mercedes,E2EQSX,184 PS / 135 kW,https://images002.bmf-application.com/optimized/PKW/240x120/MB190.png,https://www.ronal-wheels.com/int/configurator-promo,ok,
SCRAPED_RONAL_BMF_RESEARCH_ONLY,false,2026-08-03T22:53:31.241Z,BMF Media Information Technology GmbH / ProVis4,RONAL wheel configurator,https://www.ronal-wheels.com/int/configurator-promo,RONAL-ae2f6cc4-64cd-c4ea-33a3-d38c43994ce8,Mercedes,Mercedes,EQS,EQS,K0005626,EQS (E2EQSX/Facelift) 2024 - ,SUV,EQS,E2EQSX,2024,,135,135,P00056260126691,EQS 580 4Matic,Electrical,184,135,All-wheel drive,,P00056260126691,Mercedes,E2EQSX,184 PS / 135 kW,https://images002.bmf-application.com/optimized/PKW/240x120/MB190.png,https://www.ronal-wheels.com/int/configurator-promo,ok,
SCRAPED_RONAL_BMF_RESEARCH_ONLY,false,2026-08-03T22:53:31.241Z,BMF Media Information Technology GmbH / ProVis4,RONAL wheel configurator,https://www.ronal-wheels.com/int/configurator-promo,RONAL-ae2f6cc4-64cd-c4ea-33a3-d38c43994ce8,Mercedes,Mercedes,EQS,EQS,K0005101,EQS AMG (E2EQSW) 2022 - 2024,Saloon,EQS AMG,E2EQSW,2022,2024,185,185,P00051010109517,AMG EQS 53 4Matic+,Electrical,252,185,All-wheel drive,,P00051010109517,Mercedes,E2EQSW,252 PS / 185 kW,https://images002.bmf-application.com/optimized/PKW/240x120/MB134.png,https://www.ronal-wheels.com/int/configurator-promo,ok,
SCRAPED_RONAL_BMF_RESEARCH_ONLY,false,2026-08-03T22:53:31.241Z,BMF Media Information Technology GmbH / ProVis4,RONAL wheel configurator,https://www.ronal-wheels.com/int/configurator-promo,RONAL-ae2f6cc4-64cd-c4ea-33a3-d38c43994ce8,Mercedes,Mercedes,EQS,EQS,K0005624,EQS AMG (E2EQSW/Facelift) 2024 - ,Saloon,EQS AMG,E2EQSW,2024,,185,185,P00056240126682,AMG EQS 53 4Matic+,Electrical,252,185,All-wheel drive,,P00056240126682,Mercedes,E2EQSW,252 PS / 185 kW,https://images002.bmf-application.com/optimized/PKW/240x120/MB193.png,https://www.ronal-wheels.com/int/configurator-promo,ok,
SCRAPED_RONAL_BMF_RESEARCH_ONLY,false,2026-08-03T22:53:31.241Z,BMF Media Information Technology GmbH / ProVis4,RONAL wheel configurator,https://www.ronal-wheels.com/int/configurator-promo,RONAL-ae2f6cc4-64cd-c4ea-33a3-d38c43994ce8,Mercedes,Mercedes,EQT,EQT,K0005226,EQT (MFK) 2022 - ,Estate,EQT,MFK,2022,,51,51,P00052260110942,EQT,Electrical,69,51,front wheel drive ,,P00052260110942,Mercedes,MFK,69 PS / 51 kW,https://images002.bmf-application.com/optimized/PKW/240x120/MB152.png,https://www.ronal-wheels.com/int/configurator-promo,ok,
SCRAPED_RONAL_BMF_RESEARCH_ONLY,false,2026-08-03T22:53:31.241Z,BMF Media Information Technology GmbH / ProVis4,RONAL wheel configurator,https://www.ronal-wheels.com/int/configurator-promo,RONAL-ae2f6cc4-64cd-c4ea-33a3-d38c43994ce8,Mercedes,Mercedes,EQV,EQV,K0004808,EQV (639/2) 2020 - ,Van,EQV,639/2,2020,,70,70,P00048080105887,EQV,Electrical,95,70,rear wheel drive,,P00048080105887,Mercedes,639/2,95 PS / 70 kW,https://images002.bmf-application.com/optimized/PKW/240x120/MB108.png,https://www.ronal-wheels.com/int/configurator-promo,ok,
SCRAPED_RONAL_BMF_RESEARCH_ONLY,false,2026-08-03T22:53:31.241Z,BMF Media Information Technology GmbH / ProVis4,RONAL wheel configurator,https://www.ronal-wheels.com/int/configurator-promo,RONAL-ae2f6cc4-64cd-c4ea-33a3-d38c43994ce8,Mercedes,Mercedes,Sprinter,Sprinter,K0004386,Sprinter (KL3A4/KL3A5) 2018 - ,Transporter,Sprinter,KL3A4/KL3A5,2018,,70,110,P00043860104677,eSprinter,Electrical,95,70,front wheel drive ,,P00043860104677,Mercedes,KL3A4/KL3A5,95 PS / 70 kW,https://images002.bmf-application.com/optimized/PKW/240x120/MB077.png,https://www.ronal-wheels.com/int/configurator-promo,ok,
SCRAPED_RONAL_BMF_RESEARCH_ONLY,false,2026-08-03T22:53:31.241Z,BMF Media Information Technology GmbH / ProVis4,RONAL wheel configurator,https://www.ronal-wheels.com/int/configurator-promo,RONAL-ae2f6cc4-64cd-c4ea-33a3-d38c43994ce8,Mercedes,Mercedes,Sprinter,Sprinter,K0005753,Sprinter (Typ 906BB35) (W906) 2012 - ,Transporter,Sprinter (Typ 906BB35),W906,2012,,70,140,P00057530128015,eSprinter (mittel),Electrical,109,80,rear wheel drive,,P00057530128015,Mercedes,W906,109 PS / 80 kW,https://images002.bmf-application.com/optimized/PKW/240x120/MBSP13Y.png,https://www.ronal-wheels.com/int/configurator-promo,ok,
SCRAPED_RONAL_BMF_RESEARCH_ONLY,false,2026-08-03T22:53:31.241Z,BMF Media Information Technology GmbH / ProVis4,RONAL wheel configurator,https://www.ronal-wheels.com/int/configurator-promo,RONAL-ae2f6cc4-64cd-c4ea-33a3-d38c43994ce8,Mercedes,Mercedes,Sprinter,Sprinter,K0005753,Sprinter (Typ 906BB35) (W906) 2012 - ,Transporter,Sprinter (Typ 906BB35),W906,2012,,70,140,P00057530128016,eSprinter (lang),Electrical,109,80,rear wheel drive,,P00057530128016,Mercedes,W906,109 PS / 80 kW,https://images002.bmf-application.com/optimized/PKW/240x120/MBSP13Y.png,https://www.ronal-wheels.com/int/configurator-promo,ok,
SCRAPED_RONAL_BMF_RESEARCH_ONLY,false,2026-08-03T22:53:31.241Z,BMF Media Information Technology GmbH / ProVis4,RONAL wheel configurator,https://www.ronal-wheels.com/int/configurator-promo,RONAL-ae2f6cc4-64cd-c4ea-33a3-d38c43994ce8,Mercedes,Mercedes,Vito,Vito,K0003760,Vito (Kombi) (W639/2 (W447)) 2014 - ,Transporter,Vito (Kombi),W639/2 (W447),2014,,65,176,P00037600102822,eVito,Electrical,95,70,front wheel drive ,,P00037600102822,Mercedes,W639/2 (W447),95 PS / 70 kW,https://images002.bmf-application.com/optimized/PKW/240x120/MB067X.png,https://www.ronal-wheels.com/int/configurator-promo,ok,
SCRAPED_RONAL_BMF_RESEARCH_ONLY,false,2026-08-03T22:53:31.241Z,BMF Media Information Technology GmbH / ProVis4,RONAL wheel configurator,https://www.ronal-wheels.com/int/configurator-promo,RONAL-ae2f6cc4-64cd-c4ea-33a3-d38c43994ce8,Mercedes,Mercedes,Vito,Vito,K0003760,Vito (Kombi) (W639/2 (W447)) 2014 - ,Transporter,Vito (Kombi),W639/2 (W447),2014,,65,176,P00037600102823,eVito Tourer,Electrical,95,70,front wheel drive ,,P00037600102823,Mercedes,W639/2 (W447),95 PS / 70 kW,https://images002.bmf-application.com/optimized/PKW/240x120/MB067X.png,https://www.ronal-wheels.com/int/configurator-promo,ok,
SCRAPED_RONAL_BMF_RESEARCH_ONLY,false,2026-08-03T22:53:31.241Z,BMF Media Information Technology GmbH / ProVis4,RONAL wheel configurator,https://www.ronal-wheels.com/int/configurator-promo,RONAL-ae2f6cc4-64cd-c4ea-33a3-d38c43994ce8,Mercedes,Mercedes,Vito,Vito,K0003761,"Vito (W639/4,W639/5 (W447)) 2014 - ",Transporter,Vito,"W639/4,W639/5 (W447)",2014,,65,170,P00037610104685,eVito,Electrical,95,70,front wheel drive ,,P00037610104685,Mercedes,"W639/4,W639/5 (W447)",95 PS / 70 kW,https://images002.bmf-application.com/optimized/PKW/240x120/MB200.png,https://www.ronal-wheels.com/int/configurator-promo,ok,
SCRAPED_RONAL_BMF_RESEARCH_ONLY,false,2026-08-03T22:53:31.241Z,BMF Media Information Technology GmbH / ProVis4,RONAL wheel configurator,https://www.ronal-wheels.com/int/configurator-promo,RONAL-ae2f6cc4-64cd-c4ea-33a3-d38c43994ce8,Mercedes,Mercedes,Vito,Vito,K0003761,"Vito (W639/4,W639/5 (W447)) 2014 - ",Transporter,Vito,"W639/4,W639/5 (W447)",2014,,65,170,P00037610127059,eVito,Electrical,95,70,front wheel drive ,,P00037610127059,Mercedes,"W639/4,W639/5 (W447)",95 PS / 70 kW,https://images002.bmf-application.com/optimized/PKW/240x120/MB200.png,https://www.ronal-wheels.com/int/configurator-promo,ok,
SCRAPED_RONAL_BMF_RESEARCH_ONLY,false,2026-08-03T22:53:31.241Z,BMF Media Information Technology GmbH / ProVis4,RONAL wheel configurator,https://www.ronal-wheels.com/int/configurator-promo,RONAL-ae2f6cc4-64cd-c4ea-33a3-d38c43994ce8,MG,MG,Marvel%20R,Marvel R,K0004964,Marvel R (EP21) 2021 - ,SUV,Marvel R,EP21,2021,,65,105,P00049640108173,MG Marvel R Electric,Electrical,88,65,rear wheel drive,,P00049640108173,MG,EP21,88 PS / 65 kW,https://images002.bmf-application.com/optimized/PKW/240x120/MG003.png,https://www.ronal-wheels.com/int/configurator-promo,ok,
SCRAPED_RONAL_BMF_RESEARCH_ONLY,false,2026-08-03T22:53:31.241Z,BMF Media Information Technology GmbH / ProVis4,RONAL wheel configurator,https://www.ronal-wheels.com/int/configurator-promo,RONAL-ae2f6cc4-64cd-c4ea-33a3-d38c43994ce8,MG,MG,Marvel%20R,Marvel R,K0004964,Marvel R (EP21) 2021 - ,SUV,Marvel R,EP21,2021,,65,105,P00049640108174,MG Marvel R Electric,Electrical,143,105,All-wheel drive,,P00049640108174,MG,EP21,143 PS / 105 kW,https://images002.bmf-application.com/optimized/PKW/240x120/MG003.png,https://www.ronal-wheels.com/int/configurator-promo,ok,
SCRAPED_RONAL_BMF_RESEARCH_ONLY,false,2026-08-03T22:53:31.241Z,BMF Media Information Technology GmbH / ProVis4,RONAL wheel configurator,https://www.ronal-wheels.com/int/configurator-promo,RONAL-ae2f6cc4-64cd-c4ea-33a3-d38c43994ce8,MG,MG,MG4,MG4,K0005136,MG4 (SEH3) 2022 - ,Fastback,MG4,SEH3,2022,,54,68,P00051360110310,MG4 Electric,Electrical,73,54,rear wheel drive,,P00051360110310,MG,SEH3,73 PS / 54 kW,https://images002.bmf-application.com/optimized/PKW/240x120/MG005.png,https://www.ronal-wheels.com/int/configurator-promo,ok,
SCRAPED_RONAL_BMF_RESEARCH_ONLY,false,2026-08-03T22:53:31.241Z,BMF Media Information Technology GmbH / ProVis4,RONAL wheel configurator,https://www.ronal-wheels.com/int/configurator-promo,RONAL-ae2f6cc4-64cd-c4ea-33a3-d38c43994ce8,MG,MG,MG4,MG4,K0005136,MG4 (SEH3) 2022 - ,Fastback,MG4,SEH3,2022,,54,68,P00051360110311,MG4 Electric,Electrical,92,68,rear wheel drive,,P00051360110311,MG,SEH3,92 PS / 68 kW,https://images002.bmf-application.com/optimized/PKW/240x120/MG005.png,https://www.ronal-wheels.com/int/configurator-promo,ok,
SCRAPED_RONAL_BMF_RESEARCH_ONLY,false,2026-08-03T22:53:31.241Z,BMF Media Information Technology GmbH / ProVis4,RONAL wheel configurator,https://www.ronal-wheels.com/int/configurator-promo,RONAL-ae2f6cc4-64cd-c4ea-33a3-d38c43994ce8,MG,MG,MG5,MG5,K0005075,MG5 (EP22-L) 2022 - ,Estate,MG5,EP22-L,2022,,73,73,P00050750109703,MG5 Electric,Electrical,99,73,front wheel drive ,,P00050750109703,MG,EP22-L,99 PS / 73 kW,https://images002.bmf-application.com/optimized/PKW/240x120/MG004.png,https://www.ronal-wheels.com/int/configurator-promo,ok,
SCRAPED_RONAL_BMF_RESEARCH_ONLY,false,2026-08-03T22:53:31.241Z,BMF Media Information Technology GmbH / ProVis4,RONAL wheel configurator,https://www.ronal-wheels.com/int/configurator-promo,RONAL-ae2f6cc4-64cd-c4ea-33a3-d38c43994ce8,MG,MG,ZS,ZS,K0004903,ZS EV (ZS1) 2020 - 2021,SUV,ZS EV,ZS1,2020,2021,68,68,P00049030107356,ZS EV,Electrical,92,68,front wheel drive ,,P00049030107356,MG,ZS1,92 PS / 68 kW,noimage.png,https://www.ronal-wheels.com/int/configurator-promo,ok,
SCRAPED_RONAL_BMF_RESEARCH_ONLY,false,2026-08-03T22:53:31.241Z,BMF Media Information Technology GmbH / ProVis4,RONAL wheel configurator,https://www.ronal-wheels.com/int/configurator-promo,RONAL-ae2f6cc4-64cd-c4ea-33a3-d38c43994ce8,MG,MG,ZS,ZS,K0005103,ZS EV (ZS1/Facelift) 2021 - ,SUV,ZS EV,ZS1,2021,,68,75,P00051030108574,ZS EV,Electrical,102,75,front wheel drive ,,P00051030108574,MG,ZS1,102 PS / 75 kW,https://images002.bmf-application.com/optimized/PKW/240x120/MG001.png,https://www.ronal-wheels.com/int/configurator-promo,ok,
SCRAPED_RONAL_BMF_RESEARCH_ONLY,false,2026-08-03T22:53:31.241Z,BMF Media Information Technology GmbH / ProVis4,RONAL wheel configurator,https://www.ronal-wheels.com/int/configurator-promo,RONAL-ae2f6cc4-64cd-c4ea-33a3-d38c43994ce8,MG,MG,ZS,ZS,K0005103,ZS EV (ZS1/Facelift) 2021 - ,SUV,ZS EV,ZS1,2021,,68,75,P00051030108575,ZS EV,Electrical,99,73,front wheel drive ,,P00051030108575,MG,ZS1,99 PS / 73 kW,https://images002.bmf-application.com/optimized/PKW/240x120/MG001.png,https://www.ronal-wheels.com/int/configurator-promo,ok,
SCRAPED_RONAL_BMF_RESEARCH_ONLY,false,2026-08-03T22:53:31.241Z,BMF Media Information Technology GmbH / ProVis4,RONAL wheel configurator,https://www.ronal-wheels.com/int/configurator-promo,RONAL-ae2f6cc4-64cd-c4ea-33a3-d38c43994ce8,MG,MG,ZS,ZS,K0005103,ZS EV (ZS1/Facelift) 2021 - ,SUV,ZS EV,ZS1,2021,,68,75,P00051030109930,ZS EV,Electrical,92,68,front wheel drive ,,P00051030109930,MG,ZS1,92 PS / 68 kW,https://images002.bmf-application.com/optimized/PKW/240x120/MG001.png,https://www.ronal-wheels.com/int/configurator-promo,ok,
SCRAPED_RONAL_BMF_RESEARCH_ONLY,false,2026-08-03T22:53:31.241Z,BMF Media Information Technology GmbH / ProVis4,RONAL wheel configurator,https://www.ronal-wheels.com/int/configurator-promo,RONAL-ae2f6cc4-64cd-c4ea-33a3-d38c43994ce8,Mini,Mini,Mini,Mini,K0004976,Mini Cooper S Convertible (FMCA/Facelift) 2021 - ,Convertible,Mini Cooper S Convertible,FMCA,2021,,75,170,P00049760111062,Cooper SE Cabrio,Electrical,102,75,front wheel drive ,,P00049760111062,Mini,FMCA,102 PS / 75 kW,https://images002.bmf-application.com/optimized/PKW/240x120/MINI025.png,https://www.ronal-wheels.com/int/configurator-promo,ok,
SCRAPED_RONAL_BMF_RESEARCH_ONLY,false,2026-08-03T22:53:31.241Z,BMF Media Information Technology GmbH / ProVis4,RONAL wheel configurator,https://www.ronal-wheels.com/int/configurator-promo,RONAL-ae2f6cc4-64cd-c4ea-33a3-d38c43994ce8,Mini,Mini,Mini,Mini,K0004838,Mini Cooper SE (FML2E) 2020 - 2021,Saloon,Mini Cooper SE,FML2E,2020,2021,75,75,P00048380104648,Cooper SE,Electrical,102,75,front wheel drive ,,P00048380104648,Mini,FML2E,102 PS / 75 kW,https://images002.bmf-application.com/optimized/PKW/240x120/MINI021.png,https://www.ronal-wheels.com/int/configurator-promo,ok,
SCRAPED_RONAL_BMF_RESEARCH_ONLY,false,2026-08-03T22:53:31.241Z,BMF Media Information Technology GmbH / ProVis4,RONAL wheel configurator,https://www.ronal-wheels.com/int/configurator-promo,RONAL-ae2f6cc4-64cd-c4ea-33a3-d38c43994ce8,Mini,Mini,Mini,Mini,K0004953,Mini Cooper SE (FML2E/Facelift) 2021 - ,Saloon,Mini Cooper SE,FML2E,2021,,75,75,P00049530108131,Cooper SE,Electrical,102,75,front wheel drive ,,P00049530108131,Mini,FML2E,102 PS / 75 kW,https://images002.bmf-application.com/optimized/PKW/240x120/MINI022.png,https://www.ronal-wheels.com/int/configurator-promo,ok,
SCRAPED_RONAL_BMF_RESEARCH_ONLY,false,2026-08-03T22:53:31.241Z,BMF Media Information Technology GmbH / ProVis4,RONAL wheel configurator,https://www.ronal-wheels.com/int/configurator-promo,RONAL-ae2f6cc4-64cd-c4ea-33a3-d38c43994ce8,Nissan,Nissan,Ariya,Ariya,K0005095,Ariya (FE0E) 2022 - ,SUV,Ariya,FE0E,2022,,45,90,P00050950109887,Ariya,Electrical,61,45,front wheel drive ,,P00050950109887,Nissan,FE0E,61 PS / 45 kW,https://images002.bmf-application.com/optimized/PKW/240x120/NISS015.png,https://www.ronal-wheels.com/int/configurator-promo,ok,
SCRAPED_RONAL_BMF_RESEARCH_ONLY,false,2026-08-03T22:53:31.241Z,BMF Media Information Technology GmbH / ProVis4,RONAL wheel configurator,https://www.ronal-wheels.com/int/configurator-promo,RONAL-ae2f6cc4-64cd-c4ea-33a3-d38c43994ce8,Nissan,Nissan,Ariya,Ariya,K0005095,Ariya (FE0E) 2022 - ,SUV,Ariya,FE0E,2022,,45,90,P00050950110512,Ariya,Electrical,122,90,All-wheel drive,,P00050950110512,Nissan,FE0E,122 PS / 90 kW,https://images002.bmf-application.com/optimized/PKW/240x120/NISS015.png,https://www.ronal-wheels.com/int/configurator-promo,ok,
SCRAPED_RONAL_BMF_RESEARCH_ONLY,false,2026-08-03T22:53:31.241Z,BMF Media Information Technology GmbH / ProVis4,RONAL wheel configurator,https://www.ronal-wheels.com/int/configurator-promo,RONAL-ae2f6cc4-64cd-c4ea-33a3-d38c43994ce8,Nissan,Nissan,Leaf,Leaf,K0003056,Leaf (ZE0) 2010 - 2017,Hatchback,Leaf,ZE0,2010,2017,80,80,P00030560037542,Leaf,Electrical,109,80,front wheel drive ,,P00030560037542,Nissan,ZE0,109 PS / 80 kW,https://images002.bmf-application.com/optimized/PKW/240x120/NILEA12Y.png,https://www.ronal-wheels.com/int/configurator-promo,ok,
SCRAPED_RONAL_BMF_RESEARCH_ONLY,false,2026-08-03T22:53:31.241Z,BMF Media Information Technology GmbH / ProVis4,RONAL wheel configurator,https://www.ronal-wheels.com/int/configurator-promo,RONAL-ae2f6cc4-64cd-c4ea-33a3-d38c43994ce8,Nissan,Nissan,Leaf,Leaf,K0004370,Leaf (ZE1) 2018 - 2025,Hatchback,Leaf,ZE1,2018,2025,90,90,P00043700100368,Leaf 40kWh,Electrical,122,90,front wheel drive ,,P00043700100368,Nissan,ZE1,122 PS / 90 kW,https://images002.bmf-application.com/optimized/PKW/240x120/NISS010.png,https://www.ronal-wheels.com/int/configurator-promo,ok,
SCRAPED_RONAL_BMF_RESEARCH_ONLY,false,2026-08-03T22:53:31.241Z,BMF Media Information Technology GmbH / ProVis4,RONAL wheel configurator,https://www.ronal-wheels.com/int/configurator-promo,RONAL-ae2f6cc4-64cd-c4ea-33a3-d38c43994ce8,Nissan,Nissan,Leaf,Leaf,K0004370,Leaf (ZE1) 2018 - 2025,Hatchback,Leaf,ZE1,2018,2025,90,90,P00043700108270,Leaf 62kWh,Electrical,122,90,front wheel drive ,,P00043700108270,Nissan,ZE1,122 PS / 90 kW,https://images002.bmf-application.com/optimized/PKW/240x120/NISS010.png,https://www.ronal-wheels.com/int/configurator-promo,ok,
SCRAPED_RONAL_BMF_RESEARCH_ONLY,false,2026-08-03T22:53:31.241Z,BMF Media Information Technology GmbH / ProVis4,RONAL wheel configurator,https://www.ronal-wheels.com/int/configurator-promo,RONAL-ae2f6cc4-64cd-c4ea-33a3-d38c43994ce8,Nissan,Nissan,NV200,NV200,K0003704,NV200 (ME0N/ME0M) 2014 - ,Van,NV200,ME0N/ME0M,2014,,80,80,P00037040086455,e-NV200,Electrical,109,80,front wheel drive ,,P00037040086455,Nissan,ME0N/ME0M,109 PS / 80 kW,noimage.png,https://www.ronal-wheels.com/int/configurator-promo,ok,
SCRAPED_RONAL_BMF_RESEARCH_ONLY,false,2026-08-03T22:53:31.241Z,BMF Media Information Technology GmbH / ProVis4,RONAL wheel configurator,https://www.ronal-wheels.com/int/configurator-promo,RONAL-ae2f6cc4-64cd-c4ea-33a3-d38c43994ce8,Nissan,Nissan,Townstar,Townstar,K0005045,Townstar (NFK) 2021 - ,Transporter,Townstar,NFK,2021,,51,96,P00050450110155,eTownstar,Electrical,69,51,front wheel drive ,,P00050450110155,Nissan,NFK,69 PS / 51 kW,https://images002.bmf-application.com/optimized/PKW/240x120/NISS017.png,https://www.ronal-wheels.com/int/configurator-promo,ok,
SCRAPED_RONAL_BMF_RESEARCH_ONLY,false,2026-08-03T22:53:31.241Z,BMF Media Information Technology GmbH / ProVis4,RONAL wheel configurator,https://www.ronal-wheels.com/int/configurator-promo,RONAL-ae2f6cc4-64cd-c4ea-33a3-d38c43994ce8,Opel,Opel,Ampera,Ampera,K0004188,Ampera (1G0F) 2017 - ,Saloon,Ampera,1G0F,2017,,55,55,P00041880097149,Ampera-e,Electrical,75,55,front wheel drive ,,P00041880097149,Opel,1G0F,75 PS / 55 kW,https://images002.bmf-application.com/optimized/PKW/240x120/OPEL025.png,https://www.ronal-wheels.com/int/configurator-promo,ok,
SCRAPED_RONAL_BMF_RESEARCH_ONLY,false,2026-08-03T22:53:31.241Z,BMF Media Information Technology GmbH / ProVis4,RONAL wheel configurator,https://www.ronal-wheels.com/int/configurator-promo,RONAL-ae2f6cc4-64cd-c4ea-33a3-d38c43994ce8,Opel,Opel,Astra,Astra,K0005032,Astra (F) 2022 - 2025,Hatchback,Astra,F,2022,2025,62,132,P00050320110882,Astra electric,Electrical,84,62,front wheel drive ,,P00050320110882,Opel,F,84 PS / 62 kW,https://images002.bmf-application.com/optimized/PKW/240x120/OPEL045.png,https://www.ronal-wheels.com/int/configurator-promo,ok,
SCRAPED_RONAL_BMF_RESEARCH_ONLY,false,2026-08-03T22:53:31.241Z,BMF Media Information Technology GmbH / ProVis4,RONAL wheel configurator,https://www.ronal-wheels.com/int/configurator-promo,RONAL-ae2f6cc4-64cd-c4ea-33a3-d38c43994ce8,Opel,Opel,Combo,Combo,K0004427,Combo (E) 2018 - 2024,Estate,Combo,E,2018,2024,56,96,P00044270108441,Combo-e Life,Electrical,77,57,front wheel drive ,,P00044270108441,Opel,E,77 PS / 57 kW,https://images002.bmf-application.com/optimized/PKW/240x120/OPEL034.png,https://www.ronal-wheels.com/int/configurator-promo,ok,
SCRAPED_RONAL_BMF_RESEARCH_ONLY,false,2026-08-03T22:53:31.241Z,BMF Media Information Technology GmbH / ProVis4,RONAL wheel configurator,https://www.ronal-wheels.com/int/configurator-promo,RONAL-ae2f6cc4-64cd-c4ea-33a3-d38c43994ce8,Opel,Opel,Combo,Combo,K0004427,Combo (E) 2018 - 2024,Estate,Combo,E,2018,2024,56,96,P00044270122419,Combo-e Life,Electrical,84,62,front wheel drive ,,P00044270122419,Opel,E,84 PS / 62 kW,https://images002.bmf-application.com/optimized/PKW/240x120/OPEL034.png,https://www.ronal-wheels.com/int/configurator-promo,ok,
SCRAPED_RONAL_BMF_RESEARCH_ONLY,false,2026-08-03T22:53:31.241Z,BMF Media Information Technology GmbH / ProVis4,RONAL wheel configurator,https://www.ronal-wheels.com/int/configurator-promo,RONAL-ae2f6cc4-64cd-c4ea-33a3-d38c43994ce8,Opel,Opel,Combo,Combo,K0004701,Combo Cargo (E) 2018 - 2024,Small Delivery Truck,Combo Cargo,E,2018,2024,55,96,P00047010108442,Combo-e Cargo,Electrical,77,57,front wheel drive ,,P00047010108442,Opel,E,77 PS / 57 kW,https://images002.bmf-application.com/optimized/PKW/240x120/OPEL052.png,https://www.ronal-wheels.com/int/configurator-promo,ok,
SCRAPED_RONAL_BMF_RESEARCH_ONLY,false,2026-08-03T22:53:31.241Z,BMF Media Information Technology GmbH / ProVis4,RONAL wheel configurator,https://www.ronal-wheels.com/int/configurator-promo,RONAL-ae2f6cc4-64cd-c4ea-33a3-d38c43994ce8,Opel,Opel,Combo,Combo,K0004701,Combo Cargo (E) 2018 - 2024,Small Delivery Truck,Combo Cargo,E,2018,2024,55,96,P00047010122418,Combo-e Cargo,Electrical,84,62,front wheel drive ,,P00047010122418,Opel,E,84 PS / 62 kW,https://images002.bmf-application.com/optimized/PKW/240x120/OPEL052.png,https://www.ronal-wheels.com/int/configurator-promo,ok,
SCRAPED_RONAL_BMF_RESEARCH_ONLY,false,2026-08-03T22:53:31.241Z,BMF Media Information Technology GmbH / ProVis4,RONAL wheel configurator,https://www.ronal-wheels.com/int/configurator-promo,RONAL-ae2f6cc4-64cd-c4ea-33a3-d38c43994ce8,Opel,Opel,Corsa,Corsa,K0004807,e-Corsa (U) 2020 - 2023,Saloon,e-Corsa,U,2020,2023,57,57,P00048070104897,e-Corsa,Electrical,77,57,front wheel drive ,,P00048070104897,Opel,U,77 PS / 57 kW,https://images002.bmf-application.com/optimized/PKW/240x120/OPEL038E.png,https://www.ronal-wheels.com/int/configurator-promo,ok,
SCRAPED_RONAL_BMF_RESEARCH_ONLY,false,2026-08-03T22:53:31.241Z,BMF Media Information Technology GmbH / ProVis4,RONAL wheel configurator,https://www.ronal-wheels.com/int/configurator-promo,RONAL-ae2f6cc4-64cd-c4ea-33a3-d38c43994ce8,Opel,Opel,Corsa,Corsa,K0005472,e-Corsa (U/Facelift) 2023 - ,Saloon,e-Corsa,U,2023,,57,62,P00054720111107,e-Corsa,Electrical,84,62,front wheel drive ,,P00054720111107,Opel,U,84 PS / 62 kW,https://images002.bmf-application.com/optimized/PKW/240x120/OPEL053E.png,https://www.ronal-wheels.com/int/configurator-promo,ok,
SCRAPED_RONAL_BMF_RESEARCH_ONLY,false,2026-08-03T22:53:31.241Z,BMF Media Information Technology GmbH / ProVis4,RONAL wheel configurator,https://www.ronal-wheels.com/int/configurator-promo,RONAL-ae2f6cc4-64cd-c4ea-33a3-d38c43994ce8,Opel,Opel,Corsa,Corsa,K0005472,e-Corsa (U/Facelift) 2023 - ,Saloon,e-Corsa,U,2023,,57,62,P00054720124329,e-Corsa,Electrical,77,57,front wheel drive ,,P00054720124329,Opel,U,77 PS / 57 kW,https://images002.bmf-application.com/optimized/PKW/240x120/OPEL053E.png,https://www.ronal-wheels.com/int/configurator-promo,ok,
SCRAPED_RONAL_BMF_RESEARCH_ONLY,false,2026-08-03T22:53:31.241Z,BMF Media Information Technology GmbH / ProVis4,RONAL wheel configurator,https://www.ronal-wheels.com/int/configurator-promo,RONAL-ae2f6cc4-64cd-c4ea-33a3-d38c43994ce8,Opel,Opel,Mokka,Mokka,K0005255,Mokka-e (U) 2021 - 2024,SUV,Mokka-e,U,2021,2024,57,62,P00052550107327,Mokka-e,Electrical,77,57,front wheel drive ,,P00052550107327,Opel,U,77 PS / 57 kW,https://images002.bmf-application.com/optimized/PKW/240x120/OPEL043E.png,https://www.ronal-wheels.com/int/configurator-promo,ok,
SCRAPED_RONAL_BMF_RESEARCH_ONLY,false,2026-08-03T22:53:31.241Z,BMF Media Information Technology GmbH / ProVis4,RONAL wheel configurator,https://www.ronal-wheels.com/int/configurator-promo,RONAL-ae2f6cc4-64cd-c4ea-33a3-d38c43994ce8,Opel,Opel,Mokka,Mokka,K0005255,Mokka-e (U) 2021 - 2024,SUV,Mokka-e,U,2021,2024,57,62,P00052550110644,Mokka-e,Electrical,84,62,front wheel drive ,,P00052550110644,Opel,U,84 PS / 62 kW,https://images002.bmf-application.com/optimized/PKW/240x120/OPEL043E.png,https://www.ronal-wheels.com/int/configurator-promo,ok,
SCRAPED_RONAL_BMF_RESEARCH_ONLY,false,2026-08-03T22:53:31.241Z,BMF Media Information Technology GmbH / ProVis4,RONAL wheel configurator,https://www.ronal-wheels.com/int/configurator-promo,RONAL-ae2f6cc4-64cd-c4ea-33a3-d38c43994ce8,Opel,Opel,Mokka,Mokka,K0005619,Mokka-e (U/Facelift) 2024 - ,SUV,Mokka-e,U,2024,,57,62,P00056190126668,Mokka-e,Electrical,77,57,front wheel drive ,,P00056190126668,Opel,U,77 PS / 57 kW,https://images002.bmf-application.com/optimized/PKW/240x120/OPEL055E.png,https://www.ronal-wheels.com/int/configurator-promo,ok,
SCRAPED_RONAL_BMF_RESEARCH_ONLY,false,2026-08-03T22:53:31.241Z,BMF Media Information Technology GmbH / ProVis4,RONAL wheel configurator,https://www.ronal-wheels.com/int/configurator-promo,RONAL-ae2f6cc4-64cd-c4ea-33a3-d38c43994ce8,Opel,Opel,Mokka,Mokka,K0005619,Mokka-e (U/Facelift) 2024 - ,SUV,Mokka-e,U,2024,,57,62,P00056190126669,Mokka-e,Electrical,84,62,front wheel drive ,,P00056190126669,Opel,U,84 PS / 62 kW,https://images002.bmf-application.com/optimized/PKW/240x120/OPEL055E.png,https://www.ronal-wheels.com/int/configurator-promo,ok,
SCRAPED_RONAL_BMF_RESEARCH_ONLY,false,2026-08-03T22:53:31.241Z,BMF Media Information Technology GmbH / ProVis4,RONAL wheel configurator,https://www.ronal-wheels.com/int/configurator-promo,RONAL-ae2f6cc4-64cd-c4ea-33a3-d38c43994ce8,Opel,Opel,Movano,Movano,K0005050,Movano (Y/H) 2021 - ,Transporter,Movano,Y/H,2021,,88,121,P00050500110307,eMovano,Electrical,122,90,front wheel drive ,,P00050500110307,Opel,Y/H,122 PS / 90 kW,https://images002.bmf-application.com/optimized/PKW/240x120/OPEL047.png,https://www.ronal-wheels.com/int/configurator-promo,ok,
SCRAPED_RONAL_BMF_RESEARCH_ONLY,false,2026-08-03T22:53:31.241Z,BMF Media Information Technology GmbH / ProVis4,RONAL wheel configurator,https://www.ronal-wheels.com/int/configurator-promo,RONAL-ae2f6cc4-64cd-c4ea-33a3-d38c43994ce8,Opel,Opel,Vivaro,Vivaro,K0005202,e-Vivaro (V) 2020 - ,Transporter,e-Vivaro,V,2020,,57,62,P00052020105873,e-Vivaro,Electrical,77,57,front wheel drive ,,P00052020105873,Opel,V,77 PS / 57 kW,https://images002.bmf-application.com/optimized/PKW/240x120/OPEL041E.png,https://www.ronal-wheels.com/int/configurator-promo,ok,
SCRAPED_RONAL_BMF_RESEARCH_ONLY,false,2026-08-03T22:53:31.241Z,BMF Media Information Technology GmbH / ProVis4,RONAL wheel configurator,https://www.ronal-wheels.com/int/configurator-promo,RONAL-ae2f6cc4-64cd-c4ea-33a3-d38c43994ce8,Opel,Opel,Vivaro,Vivaro,K0005202,e-Vivaro (V) 2020 - ,Transporter,e-Vivaro,V,2020,,57,62,P00052020123754,e-Vivaro,Electrical,84,62,front wheel drive ,,P00052020123754,Opel,V,84 PS / 62 kW,https://images002.bmf-application.com/optimized/PKW/240x120/OPEL041E.png,https://www.ronal-wheels.com/int/configurator-promo,ok,
SCRAPED_RONAL_BMF_RESEARCH_ONLY,false,2026-08-03T22:53:31.241Z,BMF Media Information Technology GmbH / ProVis4,RONAL wheel configurator,https://www.ronal-wheels.com/int/configurator-promo,RONAL-ae2f6cc4-64cd-c4ea-33a3-d38c43994ce8,Opel,Opel,Zafira,Zafira,K0005164,e-Zafira Life (V) 2020 - ,Van,e-Zafira Life,V,2020,,57,62,P00051640105875,e-Zafira Life,Electrical,77,57,front wheel drive ,,P00051640105875,Opel,V,77 PS / 57 kW,https://images002.bmf-application.com/optimized/PKW/240x120/OPEL037E.png,https://www.ronal-wheels.com/int/configurator-promo,ok,
SCRAPED_RONAL_BMF_RESEARCH_ONLY,false,2026-08-03T22:53:31.241Z,BMF Media Information Technology GmbH / ProVis4,RONAL wheel configurator,https://www.ronal-wheels.com/int/configurator-promo,RONAL-ae2f6cc4-64cd-c4ea-33a3-d38c43994ce8,Opel,Opel,Zafira,Zafira,K0005164,e-Zafira Life (V) 2020 - ,Van,e-Zafira Life,V,2020,,57,62,P00051640123755,e-Zafira,Electrical,84,62,front wheel drive ,,P00051640123755,Opel,V,84 PS / 62 kW,https://images002.bmf-application.com/optimized/PKW/240x120/OPEL037E.png,https://www.ronal-wheels.com/int/configurator-promo,ok,
SCRAPED_RONAL_BMF_RESEARCH_ONLY,false,2026-08-03T22:53:31.241Z,BMF Media Information Technology GmbH / ProVis4,RONAL wheel configurator,https://www.ronal-wheels.com/int/configurator-promo,RONAL-ae2f6cc4-64cd-c4ea-33a3-d38c43994ce8,Peugeot,Peugeot,2008,2008,K0004669,2008 (U) 2019 - 2023,SUV,2008,U,2019,2023,57,114,P00046690104896,2008 Elektro,Electrical,77,57,front wheel drive ,,P00046690104896,Peugeot,U,77 PS / 57 kW,https://images002.bmf-application.com/optimized/PKW/240x120/PEU028.png,https://www.ronal-wheels.com/int/configurator-promo,ok,
SCRAPED_RONAL_BMF_RESEARCH_ONLY,false,2026-08-03T22:53:31.241Z,BMF Media Information Technology GmbH / ProVis4,RONAL wheel configurator,https://www.ronal-wheels.com/int/configurator-promo,RONAL-ae2f6cc4-64cd-c4ea-33a3-d38c43994ce8,Peugeot,Peugeot,2008,2008,K0005342,2008 (U/Facelift) 2023 - ,SUV,2008,U,2023,,57,100,P00053420111101,2008 Elektro,Electrical,84,62,front wheel drive ,,P00053420111101,Peugeot,U,84 PS / 62 kW,https://images002.bmf-application.com/optimized/PKW/240x120/PEU040.png,https://www.ronal-wheels.com/int/configurator-promo,ok,
SCRAPED_RONAL_BMF_RESEARCH_ONLY,false,2026-08-03T22:53:31.241Z,BMF Media Information Technology GmbH / ProVis4,RONAL wheel configurator,https://www.ronal-wheels.com/int/configurator-promo,RONAL-ae2f6cc4-64cd-c4ea-33a3-d38c43994ce8,Peugeot,Peugeot,2008,2008,K0005342,2008 (U/Facelift) 2023 - ,SUV,2008,U,2023,,57,100,P00053420111658,2008 Elektro,Electrical,77,57,front wheel drive ,,P00053420111658,Peugeot,U,77 PS / 57 kW,https://images002.bmf-application.com/optimized/PKW/240x120/PEU040.png,https://www.ronal-wheels.com/int/configurator-promo,ok,
SCRAPED_RONAL_BMF_RESEARCH_ONLY,false,2026-08-03T22:53:31.241Z,BMF Media Information Technology GmbH / ProVis4,RONAL wheel configurator,https://www.ronal-wheels.com/int/configurator-promo,RONAL-ae2f6cc4-64cd-c4ea-33a3-d38c43994ce8,Peugeot,Peugeot,208,208,K0004618,208 (U) 2019 - 2023,Hatchback,208,U,2019,2023,55,96,P00046180104805,208 Elektro,Electrical,77,57,front wheel drive ,,P00046180104805,Peugeot,U,77 PS / 57 kW,https://images002.bmf-application.com/optimized/PKW/240x120/PEU026.png,https://www.ronal-wheels.com/int/configurator-promo,ok,
SCRAPED_RONAL_BMF_RESEARCH_ONLY,false,2026-08-03T22:53:31.241Z,BMF Media Information Technology GmbH / ProVis4,RONAL wheel configurator,https://www.ronal-wheels.com/int/configurator-promo,RONAL-ae2f6cc4-64cd-c4ea-33a3-d38c43994ce8,Peugeot,Peugeot,208,208,K0004618,208 (U) 2019 - 2023,Hatchback,208,U,2019,2023,55,96,P00046180110695,208 Elektro,Electrical,84,62,front wheel drive ,,P00046180110695,Peugeot,U,84 PS / 62 kW,https://images002.bmf-application.com/optimized/PKW/240x120/PEU026.png,https://www.ronal-wheels.com/int/configurator-promo,ok,
SCRAPED_RONAL_BMF_RESEARCH_ONLY,false,2026-08-03T22:53:31.241Z,BMF Media Information Technology GmbH / ProVis4,RONAL wheel configurator,https://www.ronal-wheels.com/int/configurator-promo,RONAL-ae2f6cc4-64cd-c4ea-33a3-d38c43994ce8,Peugeot,Peugeot,208,208,K0005545,208 (U/Facelift) 2023 - ,Hatchback,208,U,2023,,55,100,P00055450126004,208 Elektro,Electrical,84,62,front wheel drive ,,P00055450126004,Peugeot,U,84 PS / 62 kW,https://images002.bmf-application.com/optimized/PKW/240x120/PEU041.png,https://www.ronal-wheels.com/int/configurator-promo,ok,
SCRAPED_RONAL_BMF_RESEARCH_ONLY,false,2026-08-03T22:53:31.241Z,BMF Media Information Technology GmbH / ProVis4,RONAL wheel configurator,https://www.ronal-wheels.com/int/configurator-promo,RONAL-ae2f6cc4-64cd-c4ea-33a3-d38c43994ce8,Peugeot,Peugeot,208,208,K0005545,208 (U/Facelift) 2023 - ,Hatchback,208,U,2023,,55,100,P00055450126009,208 Elektro,Electrical,77,57,front wheel drive ,,P00055450126009,Peugeot,U,77 PS / 57 kW,https://images002.bmf-application.com/optimized/PKW/240x120/PEU041.png,https://www.ronal-wheels.com/int/configurator-promo,ok,
SCRAPED_RONAL_BMF_RESEARCH_ONLY,false,2026-08-03T22:53:31.241Z,BMF Media Information Technology GmbH / ProVis4,RONAL wheel configurator,https://www.ronal-wheels.com/int/configurator-promo,RONAL-ae2f6cc4-64cd-c4ea-33a3-d38c43994ce8,Peugeot,Peugeot,308,308,K0004949,308 (F) 2021 - 2025,Hatchback,308,F,2021,2025,62,132,P00049490111099,e-308,Electrical,84,62,front wheel drive ,,P00049490111099,Peugeot,F,84 PS / 62 kW,https://images002.bmf-application.com/optimized/PKW/240x120/PEU032.png,https://www.ronal-wheels.com/int/configurator-promo,ok,
SCRAPED_RONAL_BMF_RESEARCH_ONLY,false,2026-08-03T22:53:31.241Z,BMF Media Information Technology GmbH / ProVis4,RONAL wheel configurator,https://www.ronal-wheels.com/int/configurator-promo,RONAL-ae2f6cc4-64cd-c4ea-33a3-d38c43994ce8,Peugeot,Peugeot,308,308,K0005748,308 (F/Facelift) 2025 - ,Hatchback,308,F,2025,,62,132,P00057480127974,e-308,Electrical,84,62,front wheel drive ,,P00057480127974,Peugeot,F,84 PS / 62 kW,https://images002.bmf-application.com/optimized/PKW/240x120/PEU047.png,https://www.ronal-wheels.com/int/configurator-promo,ok,
SCRAPED_RONAL_BMF_RESEARCH_ONLY,false,2026-08-03T22:53:31.241Z,BMF Media Information Technology GmbH / ProVis4,RONAL wheel configurator,https://www.ronal-wheels.com/int/configurator-promo,RONAL-ae2f6cc4-64cd-c4ea-33a3-d38c43994ce8,Peugeot,Peugeot,Boxer,Boxer,K0004349,Boxer (Y/Facelift) 2014 - ,Transporter,Boxer,Y,2014,,81,130,P00043490108640,e.Boxer,Electrical,122,90,front wheel drive ,,P00043490108640,Peugeot,Y,122 PS / 90 kW,noimage.png,https://www.ronal-wheels.com/int/configurator-promo,ok,
SCRAPED_RONAL_BMF_RESEARCH_ONLY,false,2026-08-03T22:53:31.241Z,BMF Media Information Technology GmbH / ProVis4,RONAL wheel configurator,https://www.ronal-wheels.com/int/configurator-promo,RONAL-ae2f6cc4-64cd-c4ea-33a3-d38c43994ce8,Peugeot,Peugeot,Boxer,Boxer,K0004349,Boxer (Y/Facelift) 2014 - ,Transporter,Boxer,Y,2014,,81,130,P00043490122665,eBoxer,Electrical,116,85,front wheel drive ,,P00043490122665,Peugeot,Y,116 PS / 85 kW,noimage.png,https://www.ronal-wheels.com/int/configurator-promo,ok,
SCRAPED_RONAL_BMF_RESEARCH_ONLY,false,2026-08-03T22:53:31.241Z,BMF Media Information Technology GmbH / ProVis4,RONAL wheel configurator,https://www.ronal-wheels.com/int/configurator-promo,RONAL-ae2f6cc4-64cd-c4ea-33a3-d38c43994ce8,Peugeot,Peugeot,Expert,Expert,K0005203,e-Expert (V) 2020 - 2024,Transporter,e-Expert,V,2020,2024,57,57,P00052030106202,e-Expert,Electrical,77,57,front wheel drive ,,P00052030106202,Peugeot,V,77 PS / 57 kW,https://images002.bmf-application.com/optimized/PKW/240x120/PEU036.png,https://www.ronal-wheels.com/int/configurator-promo,ok,
SCRAPED_RONAL_BMF_RESEARCH_ONLY,false,2026-08-03T22:53:31.241Z,BMF Media Information Technology GmbH / ProVis4,RONAL wheel configurator,https://www.ronal-wheels.com/int/configurator-promo,RONAL-ae2f6cc4-64cd-c4ea-33a3-d38c43994ce8,Peugeot,Peugeot,Expert,Expert,K0005726,e-Expert (V/Facelift) 2024 - ,Transporter,e-Expert,V,2024,,62,62,P00057260127073,e-Expert,Electrical,84,62,front wheel drive ,,P00057260127073,Peugeot,V,84 PS / 62 kW,https://images002.bmf-application.com/optimized/PKW/240x120/PEU045.png,https://www.ronal-wheels.com/int/configurator-promo,ok,
SCRAPED_RONAL_BMF_RESEARCH_ONLY,false,2026-08-03T22:53:31.241Z,BMF Media Information Technology GmbH / ProVis4,RONAL wheel configurator,https://www.ronal-wheels.com/int/configurator-promo,RONAL-ae2f6cc4-64cd-c4ea-33a3-d38c43994ce8,Peugeot,Peugeot,Partner,Partner,K0004512,Partner (E) 2018 - ,Transporter,Partner,E,2018,,55,96,P00045120108563,e-Partner,Electrical,77,57,front wheel drive ,,P00045120108563,Peugeot,E,77 PS / 57 kW,https://images002.bmf-application.com/optimized/PKW/240x120/PEU027.png,https://www.ronal-wheels.com/int/configurator-promo,ok,
SCRAPED_RONAL_BMF_RESEARCH_ONLY,false,2026-08-03T22:53:31.241Z,BMF Media Information Technology GmbH / ProVis4,RONAL wheel configurator,https://www.ronal-wheels.com/int/configurator-promo,RONAL-ae2f6cc4-64cd-c4ea-33a3-d38c43994ce8,Peugeot,Peugeot,Partner,Partner,K0004512,Partner (E) 2018 - ,Transporter,Partner,E,2018,,55,96,P00045120122424,e-Partner,Electrical,84,62,front wheel drive ,,P00045120122424,Peugeot,E,84 PS / 62 kW,https://images002.bmf-application.com/optimized/PKW/240x120/PEU027.png,https://www.ronal-wheels.com/int/configurator-promo,ok,
SCRAPED_RONAL_BMF_RESEARCH_ONLY,false,2026-08-03T22:53:31.241Z,BMF Media Information Technology GmbH / ProVis4,RONAL wheel configurator,https://www.ronal-wheels.com/int/configurator-promo,RONAL-ae2f6cc4-64cd-c4ea-33a3-d38c43994ce8,Peugeot,Peugeot,Rifter,Rifter,K0004389,Rifter (E) 2018 - ,Van,Rifter,E,2018,,56,96,P00043890108445,e-Rifter,Electrical,77,57,front wheel drive ,,P00043890108445,Peugeot,E,77 PS / 57 kW,https://images002.bmf-application.com/optimized/PKW/240x120/PEU023.png,https://www.ronal-wheels.com/int/configurator-promo,ok,
SCRAPED_RONAL_BMF_RESEARCH_ONLY,false,2026-08-03T22:53:31.241Z,BMF Media Information Technology GmbH / ProVis4,RONAL wheel configurator,https://www.ronal-wheels.com/int/configurator-promo,RONAL-ae2f6cc4-64cd-c4ea-33a3-d38c43994ce8,Peugeot,Peugeot,Rifter,Rifter,K0004389,Rifter (E) 2018 - ,Van,Rifter,E,2018,,56,96,P00043890122423,e-Rifter,Electrical,84,62,front wheel drive ,,P00043890122423,Peugeot,E,84 PS / 62 kW,https://images002.bmf-application.com/optimized/PKW/240x120/PEU023.png,https://www.ronal-wheels.com/int/configurator-promo,ok,
SCRAPED_RONAL_BMF_RESEARCH_ONLY,false,2026-08-03T22:53:31.241Z,BMF Media Information Technology GmbH / ProVis4,RONAL wheel configurator,https://www.ronal-wheels.com/int/configurator-promo,RONAL-ae2f6cc4-64cd-c4ea-33a3-d38c43994ce8,Peugeot,Peugeot,Traveller,Traveller,K0005165,e-Traveller (V) 2020 - 2024,Transporter,e-Traveller,V,2020,2024,57,57,P00051650105872,e-Traveller,Electrical,77,57,front wheel drive ,,P00051650105872,Peugeot,V,77 PS / 57 kW,https://images002.bmf-application.com/optimized/PKW/240x120/PEU029E.png,https://www.ronal-wheels.com/int/configurator-promo,ok,
SCRAPED_RONAL_BMF_RESEARCH_ONLY,false,2026-08-03T22:53:31.241Z,BMF Media Information Technology GmbH / ProVis4,RONAL wheel configurator,https://www.ronal-wheels.com/int/configurator-promo,RONAL-ae2f6cc4-64cd-c4ea-33a3-d38c43994ce8,Peugeot,Peugeot,Traveller,Traveller,K0005725,e-Traveller (V/Facelift) 2024 - ,Transporter,e-Traveller,V,2024,,62,62,P00057250123903,e-Traveller,Electrical,84,62,front wheel drive ,,P00057250123903,Peugeot,V,84 PS / 62 kW,https://images002.bmf-application.com/optimized/PKW/240x120/PEU044.png,https://www.ronal-wheels.com/int/configurator-promo,ok,
SCRAPED_RONAL_BMF_RESEARCH_ONLY,false,2026-08-03T22:53:31.241Z,BMF Media Information Technology GmbH / ProVis4,RONAL wheel configurator,https://www.ronal-wheels.com/int/configurator-promo,RONAL-ae2f6cc4-64cd-c4ea-33a3-d38c43994ce8,Polestar,Polestar,Polestar%202,Polestar 2,K0004749,Polestar 2 (V) 2020 - 2023,Saloon,Polestar 2,V,2020,2023,80,160,P00047490105336,2,Electrical,218,160,All-wheel drive,,P00047490105336,Polestar,V,218 PS / 160 kW,https://images002.bmf-application.com/optimized/PKW/240x120/VOLVO018.png,https://www.ronal-wheels.com/int/configurator-promo,ok,
SCRAPED_RONAL_BMF_RESEARCH_ONLY,false,2026-08-03T22:53:31.241Z,BMF Media Information Technology GmbH / ProVis4,RONAL wheel configurator,https://www.ronal-wheels.com/int/configurator-promo,RONAL-ae2f6cc4-64cd-c4ea-33a3-d38c43994ce8,Polestar,Polestar,Polestar%202,Polestar 2,K0004749,Polestar 2 (V) 2020 - 2023,Saloon,Polestar 2,V,2020,2023,80,160,P00047490108271,2,Electrical,109,80,front wheel drive ,,P00047490108271,Polestar,V,109 PS / 80 kW,https://images002.bmf-application.com/optimized/PKW/240x120/VOLVO018.png,https://www.ronal-wheels.com/int/configurator-promo,ok,
SCRAPED_RONAL_BMF_RESEARCH_ONLY,false,2026-08-03T22:53:31.241Z,BMF Media Information Technology GmbH / ProVis4,RONAL wheel configurator,https://www.ronal-wheels.com/int/configurator-promo,RONAL-ae2f6cc4-64cd-c4ea-33a3-d38c43994ce8,Polestar,Polestar,Polestar%202,Polestar 2,K0005621,Polestar 2 (V/Facelift) 2023 - ,Saloon,Polestar 2,V,2023,,109,192,P00056210111067,2,Electrical,192,141,front wheel drive ,,P00056210111067,Polestar,V,192 PS / 141 kW,https://images002.bmf-application.com/optimized/PKW/240x120/VOLVO026.png,https://www.ronal-wheels.com/int/configurator-promo,ok,
SCRAPED_RONAL_BMF_RESEARCH_ONLY,false,2026-08-03T22:53:31.241Z,BMF Media Information Technology GmbH / ProVis4,RONAL wheel configurator,https://www.ronal-wheels.com/int/configurator-promo,RONAL-ae2f6cc4-64cd-c4ea-33a3-d38c43994ce8,Polestar,Polestar,Polestar%202,Polestar 2,K0005621,Polestar 2 (V/Facelift) 2023 - ,Saloon,Polestar 2,V,2023,,109,192,P00056210111068,2,Electrical,261,192,All-wheel drive,,P00056210111068,Polestar,V,261 PS / 192 kW,https://images002.bmf-application.com/optimized/PKW/240x120/VOLVO026.png,https://www.ronal-wheels.com/int/configurator-promo,ok,
SCRAPED_RONAL_BMF_RESEARCH_ONLY,false,2026-08-03T22:53:31.241Z,BMF Media Information Technology GmbH / ProVis4,RONAL wheel configurator,https://www.ronal-wheels.com/int/configurator-promo,RONAL-ae2f6cc4-64cd-c4ea-33a3-d38c43994ce8,Polestar,Polestar,Polestar%202,Polestar 2,K0005621,Polestar 2 (V/Facelift) 2023 - ,Saloon,Polestar 2,V,2023,,109,192,P00056210111601,2,Electrical,181,133,front wheel drive ,,P00056210111601,Polestar,V,181 PS / 133 kW,https://images002.bmf-application.com/optimized/PKW/240x120/VOLVO026.png,https://www.ronal-wheels.com/int/configurator-promo,ok,
SCRAPED_RONAL_BMF_RESEARCH_ONLY,false,2026-08-03T22:53:31.241Z,BMF Media Information Technology GmbH / ProVis4,RONAL wheel configurator,https://www.ronal-wheels.com/int/configurator-promo,RONAL-ae2f6cc4-64cd-c4ea-33a3-d38c43994ce8,Polestar,Polestar,Polestar%202,Polestar 2,K0005621,Polestar 2 (V/Facelift) 2023 - ,Saloon,Polestar 2,V,2023,,109,192,P00056210124179,2,Electrical,148,109,front wheel drive ,,P00056210124179,Polestar,V,148 PS / 109 kW,https://images002.bmf-application.com/optimized/PKW/240x120/VOLVO026.png,https://www.ronal-wheels.com/int/configurator-promo,ok,
SCRAPED_RONAL_BMF_RESEARCH_ONLY,false,2026-08-03T22:53:31.241Z,BMF Media Information Technology GmbH / ProVis4,RONAL wheel configurator,https://www.ronal-wheels.com/int/configurator-promo,RONAL-ae2f6cc4-64cd-c4ea-33a3-d38c43994ce8,Polestar,Polestar,Polestar%204,Polestar 4,K0005459,Polestar 4 (4) 2024 - ,SUV,Polestar 4,4,2024,,150,150,P00054590124184,4,Electrical,204,150,All-wheel drive,,P00054590124184,Polestar,4,204 PS / 150 kW,https://images002.bmf-application.com/optimized/PKW/240x120/POLE001.png,https://www.ronal-wheels.com/int/configurator-promo,ok,
SCRAPED_RONAL_BMF_RESEARCH_ONLY,false,2026-08-03T22:53:31.241Z,BMF Media Information Technology GmbH / ProVis4,RONAL wheel configurator,https://www.ronal-wheels.com/int/configurator-promo,RONAL-ae2f6cc4-64cd-c4ea-33a3-d38c43994ce8,Porsche,Porsche,Taycan,Taycan,K0004718,Taycan (Y1A) 2019 - 2024,Saloon,Taycan,Y1A,2019,2024,113,142,P00047180104817,Taycan 4S,Electrical,154,113,All-wheel drive,,P00047180104817,Porsche,Y1A,154 PS / 113 kW,https://images002.bmf-application.com/optimized/PKW/240x120/POR018.png,https://www.ronal-wheels.com/int/configurator-promo,ok,
SCRAPED_RONAL_BMF_RESEARCH_ONLY,false,2026-08-03T22:53:31.241Z,BMF Media Information Technology GmbH / ProVis4,RONAL wheel configurator,https://www.ronal-wheels.com/int/configurator-promo,RONAL-ae2f6cc4-64cd-c4ea-33a3-d38c43994ce8,Porsche,Porsche,Taycan,Taycan,K0004718,Taycan (Y1A) 2019 - 2024,Saloon,Taycan,Y1A,2019,2024,113,142,P00047180104818,Taycan 4S,Electrical,190,140,All-wheel drive,,P00047180104818,Porsche,Y1A,190 PS / 140 kW,https://images002.bmf-application.com/optimized/PKW/240x120/POR018.png,https://www.ronal-wheels.com/int/configurator-promo,ok,
SCRAPED_RONAL_BMF_RESEARCH_ONLY,false,2026-08-03T22:53:31.241Z,BMF Media Information Technology GmbH / ProVis4,RONAL wheel configurator,https://www.ronal-wheels.com/int/configurator-promo,RONAL-ae2f6cc4-64cd-c4ea-33a3-d38c43994ce8,Porsche,Porsche,Taycan,Taycan,K0004718,Taycan (Y1A) 2019 - 2024,Saloon,Taycan,Y1A,2019,2024,113,142,P00047180104819,Taycan Turbo,Electrical,193,142,All-wheel drive,,P00047180104819,Porsche,Y1A,193 PS / 142 kW,https://images002.bmf-application.com/optimized/PKW/240x120/POR018.png,https://www.ronal-wheels.com/int/configurator-promo,ok,
SCRAPED_RONAL_BMF_RESEARCH_ONLY,false,2026-08-03T22:53:31.241Z,BMF Media Information Technology GmbH / ProVis4,RONAL wheel configurator,https://www.ronal-wheels.com/int/configurator-promo,RONAL-ae2f6cc4-64cd-c4ea-33a3-d38c43994ce8,Porsche,Porsche,Taycan,Taycan,K0004718,Taycan (Y1A) 2019 - 2024,Saloon,Taycan,Y1A,2019,2024,113,142,P00047180104820,Taycan Turbo S,Electrical,193,142,All-wheel drive,,P00047180104820,Porsche,Y1A,193 PS / 142 kW,https://images002.bmf-application.com/optimized/PKW/240x120/POR018.png,https://www.ronal-wheels.com/int/configurator-promo,ok,
SCRAPED_RONAL_BMF_RESEARCH_ONLY,false,2026-08-03T22:53:31.241Z,BMF Media Information Technology GmbH / ProVis4,RONAL wheel configurator,https://www.ronal-wheels.com/int/configurator-promo,RONAL-ae2f6cc4-64cd-c4ea-33a3-d38c43994ce8,Porsche,Porsche,Taycan,Taycan,K0004718,Taycan (Y1A) 2019 - 2024,Saloon,Taycan,Y1A,2019,2024,113,142,P00047180107797,Taycan,Electrical,163,120,rear wheel drive,,P00047180107797,Porsche,Y1A,163 PS / 120 kW,https://images002.bmf-application.com/optimized/PKW/240x120/POR018.png,https://www.ronal-wheels.com/int/configurator-promo,ok,
SCRAPED_RONAL_BMF_RESEARCH_ONLY,false,2026-08-03T22:53:31.241Z,BMF Media Information Technology GmbH / ProVis4,RONAL wheel configurator,https://www.ronal-wheels.com/int/configurator-promo,RONAL-ae2f6cc4-64cd-c4ea-33a3-d38c43994ce8,Porsche,Porsche,Taycan,Taycan,K0004718,Taycan (Y1A) 2019 - 2024,Saloon,Taycan,Y1A,2019,2024,113,142,P00047180109504,Taycan GTS,Electrical,193,142,All-wheel drive,,P00047180109504,Porsche,Y1A,193 PS / 142 kW,https://images002.bmf-application.com/optimized/PKW/240x120/POR018.png,https://www.ronal-wheels.com/int/configurator-promo,ok,
SCRAPED_RONAL_BMF_RESEARCH_ONLY,false,2026-08-03T22:53:31.241Z,BMF Media Information Technology GmbH / ProVis4,RONAL wheel configurator,https://www.ronal-wheels.com/int/configurator-promo,RONAL-ae2f6cc4-64cd-c4ea-33a3-d38c43994ce8,Porsche,Porsche,Taycan,Taycan,K0004991,Taycan Cross Turismo (Y1A) 2021 - 2024,Cross Turismo,Taycan Cross Turismo,Y1A,2021,2024,140,142,P00049910108005,Taycan 4 Cross Turismo,Electrical,190,140,All-wheel drive,,P00049910108005,Porsche,Y1A,190 PS / 140 kW,https://images002.bmf-application.com/optimized/PKW/240x120/POR022.png,https://www.ronal-wheels.com/int/configurator-promo,ok,
SCRAPED_RONAL_BMF_RESEARCH_ONLY,false,2026-08-03T22:53:31.241Z,BMF Media Information Technology GmbH / ProVis4,RONAL wheel configurator,https://www.ronal-wheels.com/int/configurator-promo,RONAL-ae2f6cc4-64cd-c4ea-33a3-d38c43994ce8,Porsche,Porsche,Taycan,Taycan,K0004991,Taycan Cross Turismo (Y1A) 2021 - 2024,Cross Turismo,Taycan Cross Turismo,Y1A,2021,2024,140,142,P00049910108498,Taycan 4S Cross Turismo,Electrical,190,140,All-wheel drive,,P00049910108498,Porsche,Y1A,190 PS / 140 kW,https://images002.bmf-application.com/optimized/PKW/240x120/POR022.png,https://www.ronal-wheels.com/int/configurator-promo,ok,
SCRAPED_RONAL_BMF_RESEARCH_ONLY,false,2026-08-03T22:53:31.241Z,BMF Media Information Technology GmbH / ProVis4,RONAL wheel configurator,https://www.ronal-wheels.com/int/configurator-promo,RONAL-ae2f6cc4-64cd-c4ea-33a3-d38c43994ce8,Porsche,Porsche,Taycan,Taycan,K0004991,Taycan Cross Turismo (Y1A) 2021 - 2024,Cross Turismo,Taycan Cross Turismo,Y1A,2021,2024,140,142,P00049910108499,Taycan Turbo Cross Turismo,Electrical,193,142,All-wheel drive,,P00049910108499,Porsche,Y1A,193 PS / 142 kW,https://images002.bmf-application.com/optimized/PKW/240x120/POR022.png,https://www.ronal-wheels.com/int/configurator-promo,ok,
SCRAPED_RONAL_BMF_RESEARCH_ONLY,false,2026-08-03T22:53:31.241Z,BMF Media Information Technology GmbH / ProVis4,RONAL wheel configurator,https://www.ronal-wheels.com/int/configurator-promo,RONAL-ae2f6cc4-64cd-c4ea-33a3-d38c43994ce8,Porsche,Porsche,Taycan,Taycan,K0004991,Taycan Cross Turismo (Y1A) 2021 - 2024,Cross Turismo,Taycan Cross Turismo,Y1A,2021,2024,140,142,P00049910108500,Taycan Turbo S Cross Turismo,Electrical,193,142,All-wheel drive,,P00049910108500,Porsche,Y1A,193 PS / 142 kW,https://images002.bmf-application.com/optimized/PKW/240x120/POR022.png,https://www.ronal-wheels.com/int/configurator-promo,ok,
SCRAPED_RONAL_BMF_RESEARCH_ONLY,false,2026-08-03T22:53:31.241Z,BMF Media Information Technology GmbH / ProVis4,RONAL wheel configurator,https://www.ronal-wheels.com/int/configurator-promo,RONAL-ae2f6cc4-64cd-c4ea-33a3-d38c43994ce8,Renault,Renault,Kangoo,Kangoo,K0003709,Kangoo (FW/W/Facelift) 2011 - 2013,Estate,Kangoo,FW/W,2011,2013,44,80,P00037090037073,Kangoo Z.E,Electrical,60,44,front wheel drive ,,P00037090037073,Renault,FW/W,60 PS / 44 kW,https://images002.bmf-application.com/optimized/PKW/240x120/REKAN11Y.png,https://www.ronal-wheels.com/int/configurator-promo,ok,
SCRAPED_RONAL_BMF_RESEARCH_ONLY,false,2026-08-03T22:53:31.241Z,BMF Media Information Technology GmbH / ProVis4,RONAL wheel configurator,https://www.ronal-wheels.com/int/configurator-promo,RONAL-ae2f6cc4-64cd-c4ea-33a3-d38c43994ce8,Renault,Renault,Kangoo,Kangoo,K0003655,Kangoo (FW/W/Facelift) 2013 - 2020,Estate,Kangoo,FW/W,2013,2020,44,85,P00036550085579,Kangoo Z.E,Electrical,60,44,front wheel drive ,,P00036550085579,Renault,FW/W,60 PS / 44 kW,https://images002.bmf-application.com/optimized/PKW/240x120/REKAN13Y.png,https://www.ronal-wheels.com/int/configurator-promo,ok,
SCRAPED_RONAL_BMF_RESEARCH_ONLY,false,2026-08-03T22:53:31.241Z,BMF Media Information Technology GmbH / ProVis4,RONAL wheel configurator,https://www.ronal-wheels.com/int/configurator-promo,RONAL-ae2f6cc4-64cd-c4ea-33a3-d38c43994ce8,Renault,Renault,Kangoo,Kangoo,K0004961,Kangoo (RFK) 2021 - ,Estate,Kangoo,RFK,2021,,51,96,P00049610109977,Kangoo E-Tech Electric (VAN),Electrical,69,51,front wheel drive ,,P00049610109977,Renault,RFK,69 PS / 51 kW,https://images002.bmf-application.com/optimized/PKW/240x120/REN037.png,https://www.ronal-wheels.com/int/configurator-promo,ok,
SCRAPED_RONAL_BMF_RESEARCH_ONLY,false,2026-08-03T22:53:31.241Z,BMF Media Information Technology GmbH / ProVis4,RONAL wheel configurator,https://www.ronal-wheels.com/int/configurator-promo,RONAL-ae2f6cc4-64cd-c4ea-33a3-d38c43994ce8,Renault,Renault,Kangoo,Kangoo,K0004961,Kangoo (RFK) 2021 - ,Estate,Kangoo,RFK,2021,,51,96,P00049610128708,Kangoo Van E-Tech Electric,Electrical,95,70,front wheel drive ,,P00049610128708,Renault,RFK,95 PS / 70 kW,https://images002.bmf-application.com/optimized/PKW/240x120/REN037.png,https://www.ronal-wheels.com/int/configurator-promo,ok,
SCRAPED_RONAL_BMF_RESEARCH_ONLY,false,2026-08-03T22:53:31.241Z,BMF Media Information Technology GmbH / ProVis4,RONAL wheel configurator,https://www.ronal-wheels.com/int/configurator-promo,RONAL-ae2f6cc4-64cd-c4ea-33a3-d38c43994ce8,Renault,Renault,M_c3_a9gane,Mégane,K0005027,Mégane (RCB) 2021 - ,Hatchback,Mégane,RCB,2021,,55,55,P00050270108866,Mégane E-Tech Electric,Electrical,75,55,front wheel drive ,,P00050270108866,Renault,RCB,75 PS / 55 kW,https://images002.bmf-application.com/optimized/PKW/240x120/REN040.png,https://www.ronal-wheels.com/int/configurator-promo,ok,
SCRAPED_RONAL_BMF_RESEARCH_ONLY,false,2026-08-03T22:53:31.241Z,BMF Media Information Technology GmbH / ProVis4,RONAL wheel configurator,https://www.ronal-wheels.com/int/configurator-promo,RONAL-ae2f6cc4-64cd-c4ea-33a3-d38c43994ce8,Renault,Renault,Sc_c3_a9nic%20V,Scénic V,K0005391,Scénic E-Tech (RCB) 2024 - ,SUV,Scénic E-Tech,RCB,2024,,55,55,P00053910124536,Scénic E-Tech Electric,Electrical,75,55,front wheel drive ,,P00053910124536,Renault,RCB,75 PS / 55 kW,https://images002.bmf-application.com/optimized/PKW/240x120/REN049.png,https://www.ronal-wheels.com/int/configurator-promo,ok,
SCRAPED_RONAL_BMF_RESEARCH_ONLY,false,2026-08-03T22:53:31.241Z,BMF Media Information Technology GmbH / ProVis4,RONAL wheel configurator,https://www.ronal-wheels.com/int/configurator-promo,RONAL-ae2f6cc4-64cd-c4ea-33a3-d38c43994ce8,Renault,Renault,Twingo,Twingo,K0004613,Twingo (AH/Facelift) 2019 - 2024,Saloon,Twingo,AH,2019,2024,31,80,P00046130106823,eTwingo,Electrical,42,31,rear wheel drive,,P00046130106823,Renault,AH,42 PS / 31 kW,https://images002.bmf-application.com/optimized/PKW/240x120/REN026.png,https://www.ronal-wheels.com/int/configurator-promo,ok,
SCRAPED_RONAL_BMF_RESEARCH_ONLY,false,2026-08-03T22:53:31.241Z,BMF Media Information Technology GmbH / ProVis4,RONAL wheel configurator,https://www.ronal-wheels.com/int/configurator-promo,RONAL-ae2f6cc4-64cd-c4ea-33a3-d38c43994ce8,Renault,Renault,Zoe,Zoe,K0003442,Zoe (AG) 2012 - 2019,Hatchback,Zoe,AG,2012,2019,43,53,P00034420083229,Zoe,Electrical,58,43,front wheel drive ,,P00034420083229,Renault,AG,58 PS / 43 kW,https://images002.bmf-application.com/optimized/PKW/240x120/RENZO13.png,https://www.ronal-wheels.com/int/configurator-promo,ok,
SCRAPED_RONAL_BMF_RESEARCH_ONLY,false,2026-08-03T22:53:31.241Z,BMF Media Information Technology GmbH / ProVis4,RONAL wheel configurator,https://www.ronal-wheels.com/int/configurator-promo,RONAL-ae2f6cc4-64cd-c4ea-33a3-d38c43994ce8,Renault,Renault,Zoe,Zoe,K0003442,Zoe (AG) 2012 - 2019,Hatchback,Zoe,AG,2012,2019,43,53,P00034420100813,Zoe,Electrical,72,53,front wheel drive ,,P00034420100813,Renault,AG,72 PS / 53 kW,https://images002.bmf-application.com/optimized/PKW/240x120/RENZO13.png,https://www.ronal-wheels.com/int/configurator-promo,ok,
SCRAPED_RONAL_BMF_RESEARCH_ONLY,false,2026-08-03T22:53:31.241Z,BMF Media Information Technology GmbH / ProVis4,RONAL wheel configurator,https://www.ronal-wheels.com/int/configurator-promo,RONAL-ae2f6cc4-64cd-c4ea-33a3-d38c43994ce8,Renault,Renault,Zoe,Zoe,K0004706,Zoe (AG/Facelift) 2019 - ,Hatchback,Zoe,AG,2019,,51,51,P00047060104273,Zoe,Electrical,69,51,front wheel drive ,,P00047060104273,Renault,AG,69 PS / 51 kW,https://images002.bmf-application.com/optimized/PKW/240x120/REN027.png,https://www.ronal-wheels.com/int/configurator-promo,ok,
SCRAPED_RONAL_BMF_RESEARCH_ONLY,false,2026-08-03T22:53:31.241Z,BMF Media Information Technology GmbH / ProVis4,RONAL wheel configurator,https://www.ronal-wheels.com/int/configurator-promo,RONAL-ae2f6cc4-64cd-c4ea-33a3-d38c43994ce8,Seat,Seat,MII,MII,K0004755,MII electric (AA) 2020 - ,Saloon,MII electric,AA,2020,,61,61,P00047550104281,Mii Electric,Electrical,83,61,front wheel drive ,,P00047550104281,Seat,AA,83 PS / 61 kW,https://images002.bmf-application.com/optimized/PKW/240x120/SEAT023.png,https://www.ronal-wheels.com/int/configurator-promo,ok,
SCRAPED_RONAL_BMF_RESEARCH_ONLY,false,2026-08-03T22:53:31.241Z,BMF Media Information Technology GmbH / ProVis4,RONAL wheel configurator,https://www.ronal-wheels.com/int/configurator-promo,RONAL-ae2f6cc4-64cd-c4ea-33a3-d38c43994ce8,Skoda,Skoda,Citigo,Citigo,K0004754,Citigo-e iV (AA) 2019 - ,Saloon,Citigo-e iV,AA,2019,,61,61,P00047540104725,Citigo-e iV,Electrical,83,61,front wheel drive ,,P00047540104725,Skoda,AA,83 PS / 61 kW,https://images002.bmf-application.com/optimized/PKW/240x120/SKODA036.png,https://www.ronal-wheels.com/int/configurator-promo,ok,
SCRAPED_RONAL_BMF_RESEARCH_ONLY,false,2026-08-03T22:53:31.241Z,BMF Media Information Technology GmbH / ProVis4,RONAL wheel configurator,https://www.ronal-wheels.com/int/configurator-promo,RONAL-ae2f6cc4-64cd-c4ea-33a3-d38c43994ce8,Skoda,Skoda,Elroq,Elroq,K0005592,Elroq (NY) 2025 - ,SUV,Elroq,NY,2025,,70,89,P00055920126492,Elroq 50,Electrical,95,70,rear wheel drive,,P00055920126492,Skoda,NY,95 PS / 70 kW,https://images002.bmf-application.com/optimized/PKW/240x120/SKODA058.png,https://www.ronal-wheels.com/int/configurator-promo,ok,
SCRAPED_RONAL_BMF_RESEARCH_ONLY,false,2026-08-03T22:53:31.241Z,BMF Media Information Technology GmbH / ProVis4,RONAL wheel configurator,https://www.ronal-wheels.com/int/configurator-promo,RONAL-ae2f6cc4-64cd-c4ea-33a3-d38c43994ce8,Skoda,Skoda,Elroq,Elroq,K0005592,Elroq (NY) 2025 - ,SUV,Elroq,NY,2025,,70,89,P00055920126493,Elroq 85,Electrical,121,89,rear wheel drive,,P00055920126493,Skoda,NY,121 PS / 89 kW,https://images002.bmf-application.com/optimized/PKW/240x120/SKODA058.png,https://www.ronal-wheels.com/int/configurator-promo,ok,
SCRAPED_RONAL_BMF_RESEARCH_ONLY,false,2026-08-03T22:53:31.241Z,BMF Media Information Technology GmbH / ProVis4,RONAL wheel configurator,https://www.ronal-wheels.com/int/configurator-promo,RONAL-ae2f6cc4-64cd-c4ea-33a3-d38c43994ce8,Skoda,Skoda,Elroq,Elroq,K0005592,Elroq (NY) 2025 - ,SUV,Elroq,NY,2025,,70,89,P00055920126701,Elroq 60,Electrical,95,70,rear wheel drive,,P00055920126701,Skoda,NY,95 PS / 70 kW,https://images002.bmf-application.com/optimized/PKW/240x120/SKODA058.png,https://www.ronal-wheels.com/int/configurator-promo,ok,
SCRAPED_RONAL_BMF_RESEARCH_ONLY,false,2026-08-03T22:53:31.241Z,BMF Media Information Technology GmbH / ProVis4,RONAL wheel configurator,https://www.ronal-wheels.com/int/configurator-promo,RONAL-ae2f6cc4-64cd-c4ea-33a3-d38c43994ce8,Skoda,Skoda,Elroq,Elroq,K0005592,Elroq (NY) 2025 - ,SUV,Elroq,NY,2025,,70,89,P00055920127615,Elroq 85X,Electrical,105,77,All-wheel drive,,P00055920127615,Skoda,NY,105 PS / 77 kW,https://images002.bmf-application.com/optimized/PKW/240x120/SKODA058.png,https://www.ronal-wheels.com/int/configurator-promo,ok,
SCRAPED_RONAL_BMF_RESEARCH_ONLY,false,2026-08-03T22:53:31.241Z,BMF Media Information Technology GmbH / ProVis4,RONAL wheel configurator,https://www.ronal-wheels.com/int/configurator-promo,RONAL-ae2f6cc4-64cd-c4ea-33a3-d38c43994ce8,Skoda,Skoda,Elroq,Elroq,K0005665,Elroq RS (NY) 2025 - ,SUV,Elroq RS,NY,2025,,77,77,P00056650127192,Elroq RS,Electrical,105,77,All-wheel drive,,P00056650127192,Skoda,NY,105 PS / 77 kW,https://images002.bmf-application.com/optimized/PKW/240x120/SKODA064.png,https://www.ronal-wheels.com/int/configurator-promo,ok,
SCRAPED_RONAL_BMF_RESEARCH_ONLY,false,2026-08-03T22:53:31.241Z,BMF Media Information Technology GmbH / ProVis4,RONAL wheel configurator,https://www.ronal-wheels.com/int/configurator-promo,RONAL-ae2f6cc4-64cd-c4ea-33a3-d38c43994ce8,Skoda,Skoda,Enyaq,Enyaq,K0004832,Enyaq (NY) 2020 - 2024,SUV,Enyaq,NY,2020,2024,70,89,P00048320106792,Enyaq 60,Electrical,95,70,rear wheel drive,,P00048320106792,Skoda,NY,95 PS / 70 kW,https://images002.bmf-application.com/optimized/PKW/240x120/SKODA042.png,https://www.ronal-wheels.com/int/configurator-promo,ok,
SCRAPED_RONAL_BMF_RESEARCH_ONLY,false,2026-08-03T22:53:31.241Z,BMF Media Information Technology GmbH / ProVis4,RONAL wheel configurator,https://www.ronal-wheels.com/int/configurator-promo,RONAL-ae2f6cc4-64cd-c4ea-33a3-d38c43994ce8,Skoda,Skoda,Enyaq,Enyaq,K0004832,Enyaq (NY) 2020 - 2024,SUV,Enyaq,NY,2020,2024,70,89,P00048320108437,Enyaq 80X,Electrical,105,77,All-wheel drive,,P00048320108437,Skoda,NY,105 PS / 77 kW,https://images002.bmf-application.com/optimized/PKW/240x120/SKODA042.png,https://www.ronal-wheels.com/int/configurator-promo,ok,
SCRAPED_RONAL_BMF_RESEARCH_ONLY,false,2026-08-03T22:53:31.241Z,BMF Media Information Technology GmbH / ProVis4,RONAL wheel configurator,https://www.ronal-wheels.com/int/configurator-promo,RONAL-ae2f6cc4-64cd-c4ea-33a3-d38c43994ce8,Skoda,Skoda,Enyaq,Enyaq,K0004832,Enyaq (NY) 2020 - 2024,SUV,Enyaq,NY,2020,2024,70,89,P00048320108980,Enyaq 80,Electrical,95,70,rear wheel drive,,P00048320108980,Skoda,NY,95 PS / 70 kW,https://images002.bmf-application.com/optimized/PKW/240x120/SKODA042.png,https://www.ronal-wheels.com/int/configurator-promo,ok,
SCRAPED_RONAL_BMF_RESEARCH_ONLY,false,2026-08-03T22:53:31.241Z,BMF Media Information Technology GmbH / ProVis4,RONAL wheel configurator,https://www.ronal-wheels.com/int/configurator-promo,RONAL-ae2f6cc4-64cd-c4ea-33a3-d38c43994ce8,Skoda,Skoda,Enyaq,Enyaq,K0004832,Enyaq (NY) 2020 - 2024,SUV,Enyaq,NY,2020,2024,70,89,P00048320108981,Enyaq 50,Electrical,95,70,rear wheel drive,,P00048320108981,Skoda,NY,95 PS / 70 kW,https://images002.bmf-application.com/optimized/PKW/240x120/SKODA042.png,https://www.ronal-wheels.com/int/configurator-promo,ok,
SCRAPED_RONAL_BMF_RESEARCH_ONLY,false,2026-08-03T22:53:31.241Z,BMF Media Information Technology GmbH / ProVis4,RONAL wheel configurator,https://www.ronal-wheels.com/int/configurator-promo,RONAL-ae2f6cc4-64cd-c4ea-33a3-d38c43994ce8,Skoda,Skoda,Enyaq,Enyaq,K0004832,Enyaq (NY) 2020 - 2024,SUV,Enyaq,NY,2020,2024,70,89,P00048320122233,Enyaq 85,Electrical,121,89,rear wheel drive,,P00048320122233,Skoda,NY,121 PS / 89 kW,https://images002.bmf-application.com/optimized/PKW/240x120/SKODA042.png,https://www.ronal-wheels.com/int/configurator-promo,ok,
SCRAPED_RONAL_BMF_RESEARCH_ONLY,false,2026-08-03T22:53:31.241Z,BMF Media Information Technology GmbH / ProVis4,RONAL wheel configurator,https://www.ronal-wheels.com/int/configurator-promo,RONAL-ae2f6cc4-64cd-c4ea-33a3-d38c43994ce8,Skoda,Skoda,Enyaq,Enyaq,K0004832,Enyaq (NY) 2020 - 2024,SUV,Enyaq,NY,2020,2024,70,89,P00048320122234,Enyaq 85X,Electrical,105,77,All-wheel drive,,P00048320122234,Skoda,NY,105 PS / 77 kW,https://images002.bmf-application.com/optimized/PKW/240x120/SKODA042.png,https://www.ronal-wheels.com/int/configurator-promo,ok,
SCRAPED_RONAL_BMF_RESEARCH_ONLY,false,2026-08-03T22:53:31.241Z,BMF Media Information Technology GmbH / ProVis4,RONAL wheel configurator,https://www.ronal-wheels.com/int/configurator-promo,RONAL-ae2f6cc4-64cd-c4ea-33a3-d38c43994ce8,Skoda,Skoda,Enyaq,Enyaq,K0005639,Enyaq (NY/Facelift) 2025 - ,SUV,Enyaq,NY,2025,,70,89,P00056390126855,Enyaq 60,Electrical,95,70,rear wheel drive,,P00056390126855,Skoda,NY,95 PS / 70 kW,https://images002.bmf-application.com/optimized/PKW/240x120/SKODA060.png,https://www.ronal-wheels.com/int/configurator-promo,ok,
SCRAPED_RONAL_BMF_RESEARCH_ONLY,false,2026-08-03T22:53:31.241Z,BMF Media Information Technology GmbH / ProVis4,RONAL wheel configurator,https://www.ronal-wheels.com/int/configurator-promo,RONAL-ae2f6cc4-64cd-c4ea-33a3-d38c43994ce8,Skoda,Skoda,Enyaq,Enyaq,K0005639,Enyaq (NY/Facelift) 2025 - ,SUV,Enyaq,NY,2025,,70,89,P00056390126856,Enyaq 85,Electrical,121,89,rear wheel drive,,P00056390126856,Skoda,NY,121 PS / 89 kW,https://images002.bmf-application.com/optimized/PKW/240x120/SKODA060.png,https://www.ronal-wheels.com/int/configurator-promo,ok,
SCRAPED_RONAL_BMF_RESEARCH_ONLY,false,2026-08-03T22:53:31.241Z,BMF Media Information Technology GmbH / ProVis4,RONAL wheel configurator,https://www.ronal-wheels.com/int/configurator-promo,RONAL-ae2f6cc4-64cd-c4ea-33a3-d38c43994ce8,Skoda,Skoda,Enyaq,Enyaq,K0005639,Enyaq (NY/Facelift) 2025 - ,SUV,Enyaq,NY,2025,,70,89,P00056390126857,Enyaq 85X,Electrical,105,77,All-wheel drive,,P00056390126857,Skoda,NY,105 PS / 77 kW,https://images002.bmf-application.com/optimized/PKW/240x120/SKODA060.png,https://www.ronal-wheels.com/int/configurator-promo,ok,
SCRAPED_RONAL_BMF_RESEARCH_ONLY,false,2026-08-03T22:53:31.241Z,BMF Media Information Technology GmbH / ProVis4,RONAL wheel configurator,https://www.ronal-wheels.com/int/configurator-promo,RONAL-ae2f6cc4-64cd-c4ea-33a3-d38c43994ce8,Skoda,Skoda,Enyaq,Enyaq,K0005282,Enyaq Coupé (NY) 2023 - 2024,SUV,Enyaq Coupé,NY,2023,2024,70,89,P00052820111255,Enyaq 60 Coupé,Electrical,95,70,rear wheel drive,,P00052820111255,Skoda,NY,95 PS / 70 kW,https://images002.bmf-application.com/optimized/PKW/240x120/SKODA048.png,https://www.ronal-wheels.com/int/configurator-promo,ok,
SCRAPED_RONAL_BMF_RESEARCH_ONLY,false,2026-08-03T22:53:31.241Z,BMF Media Information Technology GmbH / ProVis4,RONAL wheel configurator,https://www.ronal-wheels.com/int/configurator-promo,RONAL-ae2f6cc4-64cd-c4ea-33a3-d38c43994ce8,Skoda,Skoda,Enyaq,Enyaq,K0005282,Enyaq Coupé (NY) 2023 - 2024,SUV,Enyaq Coupé,NY,2023,2024,70,89,P00052820111256,Enyaq 80X Coupé,Electrical,105,77,All-wheel drive,,P00052820111256,Skoda,NY,105 PS / 77 kW,https://images002.bmf-application.com/optimized/PKW/240x120/SKODA048.png,https://www.ronal-wheels.com/int/configurator-promo,ok,
SCRAPED_RONAL_BMF_RESEARCH_ONLY,false,2026-08-03T22:53:31.241Z,BMF Media Information Technology GmbH / ProVis4,RONAL wheel configurator,https://www.ronal-wheels.com/int/configurator-promo,RONAL-ae2f6cc4-64cd-c4ea-33a3-d38c43994ce8,Skoda,Skoda,Enyaq,Enyaq,K0005282,Enyaq Coupé (NY) 2023 - 2024,SUV,Enyaq Coupé,NY,2023,2024,70,89,P00052820111257,Enyaq 80 Coupé,Electrical,95,70,rear wheel drive,,P00052820111257,Skoda,NY,95 PS / 70 kW,https://images002.bmf-application.com/optimized/PKW/240x120/SKODA048.png,https://www.ronal-wheels.com/int/configurator-promo,ok,
SCRAPED_RONAL_BMF_RESEARCH_ONLY,false,2026-08-03T22:53:31.241Z,BMF Media Information Technology GmbH / ProVis4,RONAL wheel configurator,https://www.ronal-wheels.com/int/configurator-promo,RONAL-ae2f6cc4-64cd-c4ea-33a3-d38c43994ce8,Skoda,Skoda,Enyaq,Enyaq,K0005282,Enyaq Coupé (NY) 2023 - 2024,SUV,Enyaq Coupé,NY,2023,2024,70,89,P00052820122235,Enyaq 85 Coupé,Electrical,121,89,rear wheel drive,,P00052820122235,Skoda,NY,121 PS / 89 kW,https://images002.bmf-application.com/optimized/PKW/240x120/SKODA048.png,https://www.ronal-wheels.com/int/configurator-promo,ok,
SCRAPED_RONAL_BMF_RESEARCH_ONLY,false,2026-08-03T22:53:31.241Z,BMF Media Information Technology GmbH / ProVis4,RONAL wheel configurator,https://www.ronal-wheels.com/int/configurator-promo,RONAL-ae2f6cc4-64cd-c4ea-33a3-d38c43994ce8,Skoda,Skoda,Enyaq,Enyaq,K0005282,Enyaq Coupé (NY) 2023 - 2024,SUV,Enyaq Coupé,NY,2023,2024,70,89,P00052820122236,Enyaq 85X Coupé,Electrical,105,77,All-wheel drive,,P00052820122236,Skoda,NY,105 PS / 77 kW,https://images002.bmf-application.com/optimized/PKW/240x120/SKODA048.png,https://www.ronal-wheels.com/int/configurator-promo,ok,
SCRAPED_RONAL_BMF_RESEARCH_ONLY,false,2026-08-03T22:53:31.241Z,BMF Media Information Technology GmbH / ProVis4,RONAL wheel configurator,https://www.ronal-wheels.com/int/configurator-promo,RONAL-ae2f6cc4-64cd-c4ea-33a3-d38c43994ce8,Skoda,Skoda,Enyaq,Enyaq,K0005640,Enyaq Coupé (NY/Facelift) 2025 - ,SUV,Enyaq Coupé,NY,2025,,70,89,P00056400126858,Enyaq 60 Coupé,Electrical,95,70,rear wheel drive,,P00056400126858,Skoda,NY,95 PS / 70 kW,https://images002.bmf-application.com/optimized/PKW/240x120/SKODA059.png,https://www.ronal-wheels.com/int/configurator-promo,ok,
SCRAPED_RONAL_BMF_RESEARCH_ONLY,false,2026-08-03T22:53:31.241Z,BMF Media Information Technology GmbH / ProVis4,RONAL wheel configurator,https://www.ronal-wheels.com/int/configurator-promo,RONAL-ae2f6cc4-64cd-c4ea-33a3-d38c43994ce8,Skoda,Skoda,Enyaq,Enyaq,K0005640,Enyaq Coupé (NY/Facelift) 2025 - ,SUV,Enyaq Coupé,NY,2025,,70,89,P00056400126859,Enyaq 85 Coupé,Electrical,121,89,rear wheel drive,,P00056400126859,Skoda,NY,121 PS / 89 kW,https://images002.bmf-application.com/optimized/PKW/240x120/SKODA059.png,https://www.ronal-wheels.com/int/configurator-promo,ok,
SCRAPED_RONAL_BMF_RESEARCH_ONLY,false,2026-08-03T22:53:31.241Z,BMF Media Information Technology GmbH / ProVis4,RONAL wheel configurator,https://www.ronal-wheels.com/int/configurator-promo,RONAL-ae2f6cc4-64cd-c4ea-33a3-d38c43994ce8,Skoda,Skoda,Enyaq,Enyaq,K0005640,Enyaq Coupé (NY/Facelift) 2025 - ,SUV,Enyaq Coupé,NY,2025,,70,89,P00056400126860,Enyaq 85X Coupé,Electrical,105,77,All-wheel drive,,P00056400126860,Skoda,NY,105 PS / 77 kW,https://images002.bmf-application.com/optimized/PKW/240x120/SKODA059.png,https://www.ronal-wheels.com/int/configurator-promo,ok,
SCRAPED_RONAL_BMF_RESEARCH_ONLY,false,2026-08-03T22:53:31.241Z,BMF Media Information Technology GmbH / ProVis4,RONAL wheel configurator,https://www.ronal-wheels.com/int/configurator-promo,RONAL-ae2f6cc4-64cd-c4ea-33a3-d38c43994ce8,Skoda,Skoda,Enyaq,Enyaq,K0005216,Enyaq RS (NY) 2021 - 2025,SUV,Enyaq RS,NY,2021,2025,77,77,P00052160108439,Enyaq RS,Electrical,105,77,All-wheel drive,,P00052160108439,Skoda,NY,105 PS / 77 kW,https://images002.bmf-application.com/optimized/PKW/240x120/SKODA049.png,https://www.ronal-wheels.com/int/configurator-promo,ok,
SCRAPED_RONAL_BMF_RESEARCH_ONLY,false,2026-08-03T22:53:31.241Z,BMF Media Information Technology GmbH / ProVis4,RONAL wheel configurator,https://www.ronal-wheels.com/int/configurator-promo,RONAL-ae2f6cc4-64cd-c4ea-33a3-d38c43994ce8,Skoda,Skoda,Enyaq,Enyaq,K0005680,Enyaq RS (NY/Facelift) 2025 - ,SUV,Enyaq RS,NY,2025,,77,77,P00056800127258,Enyaq RS,Electrical,105,77,All-wheel drive,,P00056800127258,Skoda,NY,105 PS / 77 kW,https://images002.bmf-application.com/optimized/PKW/240x120/SKODA063.png,https://www.ronal-wheels.com/int/configurator-promo,ok,
SCRAPED_RONAL_BMF_RESEARCH_ONLY,false,2026-08-03T22:53:31.241Z,BMF Media Information Technology GmbH / ProVis4,RONAL wheel configurator,https://www.ronal-wheels.com/int/configurator-promo,RONAL-ae2f6cc4-64cd-c4ea-33a3-d38c43994ce8,Skoda,Skoda,Enyaq,Enyaq,K0005088,Enyaq RS Coupé (NY) 2022 - 2025,SUV,Enyaq RS Coupé,NY,2022,2025,77,77,P00050880109772,Enyaq RS Coupé,Electrical,105,77,All-wheel drive,,P00050880109772,Skoda,NY,105 PS / 77 kW,https://images002.bmf-application.com/optimized/PKW/240x120/SKODA047.png,https://www.ronal-wheels.com/int/configurator-promo,ok,
SCRAPED_RONAL_BMF_RESEARCH_ONLY,false,2026-08-03T22:53:31.241Z,BMF Media Information Technology GmbH / ProVis4,RONAL wheel configurator,https://www.ronal-wheels.com/int/configurator-promo,RONAL-ae2f6cc4-64cd-c4ea-33a3-d38c43994ce8,Skoda,Skoda,Enyaq,Enyaq,K0005681,Enyaq RS Coupé (NY/Facelift) 2025 - ,SUV,Enyaq RS Coupé,NY,2025,,77,77,P00056810127257,Enyaq RS Coupé,Electrical,105,77,All-wheel drive,,P00056810127257,Skoda,NY,105 PS / 77 kW,https://images002.bmf-application.com/optimized/PKW/240x120/SKODA062.png,https://www.ronal-wheels.com/int/configurator-promo,ok,
SCRAPED_RONAL_BMF_RESEARCH_ONLY,false,2026-08-03T22:53:31.241Z,BMF Media Information Technology GmbH / ProVis4,RONAL wheel configurator,https://www.ronal-wheels.com/int/configurator-promo,RONAL-ae2f6cc4-64cd-c4ea-33a3-d38c43994ce8,Ssangyong,Ssangyong,Korando,Korando,K0004678,Korando (CW/CWN/EK) 2019 - 2023,Offroad,Korando,CW/CWN/EK,2019,2023,66,120,P00046780108662,Korando e-Motion,Electrical,102,75,front wheel drive ,,P00046780108662,Ssangyong,CW/CWN/EK,102 PS / 75 kW,https://images002.bmf-application.com/optimized/PKW/240x120/SSANG003.png,https://www.ronal-wheels.com/int/configurator-promo,ok,
SCRAPED_RONAL_BMF_RESEARCH_ONLY,false,2026-08-03T22:53:31.241Z,BMF Media Information Technology GmbH / ProVis4,RONAL wheel configurator,https://www.ronal-wheels.com/int/configurator-promo,RONAL-ae2f6cc4-64cd-c4ea-33a3-d38c43994ce8,Ssangyong,Ssangyong,Korando,Korando,K0004678,Korando (CW/CWN/EK) 2019 - 2023,Offroad,Korando,CW/CWN/EK,2019,2023,66,120,P00046780111319,Korando e-Motion,Electrical,90,66,front wheel drive ,,P00046780111319,Ssangyong,CW/CWN/EK,90 PS / 66 kW,https://images002.bmf-application.com/optimized/PKW/240x120/SSANG003.png,https://www.ronal-wheels.com/int/configurator-promo,ok,
SCRAPED_RONAL_BMF_RESEARCH_ONLY,false,2026-08-03T22:53:31.241Z,BMF Media Information Technology GmbH / ProVis4,RONAL wheel configurator,https://www.ronal-wheels.com/int/configurator-promo,RONAL-ae2f6cc4-64cd-c4ea-33a3-d38c43994ce8,Ssangyong,Ssangyong,Korando,Korando,K0005739,Korando (CW/CWN/EK) 2024 - ,Offroad,Korando,CW/CWN/EK,2024,,66,120,P00057390122444,Korando e-Motion (Typ EK),Electrical,90,66,front wheel drive ,,P00057390122444,Ssangyong,CW/CWN/EK,90 PS / 66 kW,https://images002.bmf-application.com/optimized/PKW/240x120/KGM007.png,https://www.ronal-wheels.com/int/configurator-promo,ok,
SCRAPED_RONAL_BMF_RESEARCH_ONLY,false,2026-08-03T22:53:31.241Z,BMF Media Information Technology GmbH / ProVis4,RONAL wheel configurator,https://www.ronal-wheels.com/int/configurator-promo,RONAL-ae2f6cc4-64cd-c4ea-33a3-d38c43994ce8,Subaru,Subaru,Solterra,Solterra,K0005110,Solterra (EAM1S(M)) 2022 - 2025,SUV,Solterra,EAM1S(M),2022,2025,118,118,P00051100109976,Solterra 4WD,Electrical,160,118,All-wheel drive,,P00051100109976,Subaru,EAM1S(M),160 PS / 118 kW,https://images002.bmf-application.com/optimized/PKW/240x120/SUB011.png,https://www.ronal-wheels.com/int/configurator-promo,ok,
SCRAPED_RONAL_BMF_RESEARCH_ONLY,false,2026-08-03T22:53:31.241Z,BMF Media Information Technology GmbH / ProVis4,RONAL wheel configurator,https://www.ronal-wheels.com/int/configurator-promo,RONAL-ae2f6cc4-64cd-c4ea-33a3-d38c43994ce8,Tesla,Tesla,Model%203,Model 3,K0004570,Model 3 (003) 2019 - 2023,Saloon,Model 3,003,2019,2023,88,155,P00045700102515,Model 3 Long Range Dual Motor Performance,Electrical,211,155,All-wheel drive,,P00045700102515,Tesla,003,211 PS / 155 kW,https://images002.bmf-application.com/optimized/PKW/240x120/TESLA004.png,https://www.ronal-wheels.com/int/configurator-promo,ok,
SCRAPED_RONAL_BMF_RESEARCH_ONLY,false,2026-08-03T22:53:31.241Z,BMF Media Information Technology GmbH / ProVis4,RONAL wheel configurator,https://www.ronal-wheels.com/int/configurator-promo,RONAL-ae2f6cc4-64cd-c4ea-33a3-d38c43994ce8,Tesla,Tesla,Model%203,Model 3,K0004570,Model 3 (003) 2019 - 2023,Saloon,Model 3,003,2019,2023,88,155,P00045700102516,Model 3 Long Range Dual Motor,Electrical,208,153,All-wheel drive,,P00045700102516,Tesla,003,208 PS / 153 kW,https://images002.bmf-application.com/optimized/PKW/240x120/TESLA004.png,https://www.ronal-wheels.com/int/configurator-promo,ok,
SCRAPED_RONAL_BMF_RESEARCH_ONLY,false,2026-08-03T22:53:31.241Z,BMF Media Information Technology GmbH / ProVis4,RONAL wheel configurator,https://www.ronal-wheels.com/int/configurator-promo,RONAL-ae2f6cc4-64cd-c4ea-33a3-d38c43994ce8,Tesla,Tesla,Model%203,Model 3,K0004570,Model 3 (003) 2019 - 2023,Saloon,Model 3,003,2019,2023,88,155,P00045700102517,Model 3 Standard,Electrical,136,100,rear wheel drive,,P00045700102517,Tesla,003,136 PS / 100 kW,https://images002.bmf-application.com/optimized/PKW/240x120/TESLA004.png,https://www.ronal-wheels.com/int/configurator-promo,ok,
SCRAPED_RONAL_BMF_RESEARCH_ONLY,false,2026-08-03T22:53:31.241Z,BMF Media Information Technology GmbH / ProVis4,RONAL wheel configurator,https://www.ronal-wheels.com/int/configurator-promo,RONAL-ae2f6cc4-64cd-c4ea-33a3-d38c43994ce8,Tesla,Tesla,Model%203,Model 3,K0004570,Model 3 (003) 2019 - 2023,Saloon,Model 3,003,2019,2023,88,155,P00045700105648,Model 3 Standard,Electrical,120,88,rear wheel drive,,P00045700105648,Tesla,003,120 PS / 88 kW,https://images002.bmf-application.com/optimized/PKW/240x120/TESLA004.png,https://www.ronal-wheels.com/int/configurator-promo,ok,
SCRAPED_RONAL_BMF_RESEARCH_ONLY,false,2026-08-03T22:53:31.241Z,BMF Media Information Technology GmbH / ProVis4,RONAL wheel configurator,https://www.ronal-wheels.com/int/configurator-promo,RONAL-ae2f6cc4-64cd-c4ea-33a3-d38c43994ce8,Tesla,Tesla,Model%203,Model 3,K0004570,Model 3 (003) 2019 - 2023,Saloon,Model 3,003,2019,2023,88,155,P00045700107813,Model 3 Standard,Electrical,122,90,rear wheel drive,,P00045700107813,Tesla,003,122 PS / 90 kW,https://images002.bmf-application.com/optimized/PKW/240x120/TESLA004.png,https://www.ronal-wheels.com/int/configurator-promo,ok,
SCRAPED_RONAL_BMF_RESEARCH_ONLY,false,2026-08-03T22:53:31.241Z,BMF Media Information Technology GmbH / ProVis4,RONAL wheel configurator,https://www.ronal-wheels.com/int/configurator-promo,RONAL-ae2f6cc4-64cd-c4ea-33a3-d38c43994ce8,Tesla,Tesla,Model%203,Model 3,K0005367,Model 3 Highland (003/Facelift) 2023 - ,Saloon,Model 3 Highland,003,2023,,88,190,P00053670122254,Model 3 Performance,Electrical,211,155,All-wheel drive,,P00053670122254,Tesla,003,211 PS / 155 kW,https://images002.bmf-application.com/optimized/PKW/240x120/TESLA009.png,https://www.ronal-wheels.com/int/configurator-promo,ok,
SCRAPED_RONAL_BMF_RESEARCH_ONLY,false,2026-08-03T22:53:31.241Z,BMF Media Information Technology GmbH / ProVis4,RONAL wheel configurator,https://www.ronal-wheels.com/int/configurator-promo,RONAL-ae2f6cc4-64cd-c4ea-33a3-d38c43994ce8,Tesla,Tesla,Model%203,Model 3,K0005367,Model 3 Highland (003/Facelift) 2023 - ,Saloon,Model 3 Highland,003,2023,,88,190,P00053670122255,Model 3 Long Range,Electrical,208,153,All-wheel drive,,P00053670122255,Tesla,003,208 PS / 153 kW,https://images002.bmf-application.com/optimized/PKW/240x120/TESLA009.png,https://www.ronal-wheels.com/int/configurator-promo,ok,
SCRAPED_RONAL_BMF_RESEARCH_ONLY,false,2026-08-03T22:53:31.241Z,BMF Media Information Technology GmbH / ProVis4,RONAL wheel configurator,https://www.ronal-wheels.com/int/configurator-promo,RONAL-ae2f6cc4-64cd-c4ea-33a3-d38c43994ce8,Tesla,Tesla,Model%203,Model 3,K0005367,Model 3 Highland (003/Facelift) 2023 - ,Saloon,Model 3 Highland,003,2023,,88,190,P00053670122256,Model 3,Electrical,120,88,rear wheel drive,,P00053670122256,Tesla,003,120 PS / 88 kW,https://images002.bmf-application.com/optimized/PKW/240x120/TESLA009.png,https://www.ronal-wheels.com/int/configurator-promo,ok,
SCRAPED_RONAL_BMF_RESEARCH_ONLY,false,2026-08-03T22:53:31.241Z,BMF Media Information Technology GmbH / ProVis4,RONAL wheel configurator,https://www.ronal-wheels.com/int/configurator-promo,RONAL-ae2f6cc4-64cd-c4ea-33a3-d38c43994ce8,Tesla,Tesla,Model%203,Model 3,K0005367,Model 3 Highland (003/Facelift) 2023 - ,Saloon,Model 3 Highland,003,2023,,88,190,P00053670124079,Model 3 Performance,Electrical,258,190,All-wheel drive,,P00053670124079,Tesla,003,258 PS / 190 kW,https://images002.bmf-application.com/optimized/PKW/240x120/TESLA009.png,https://www.ronal-wheels.com/int/configurator-promo,ok,
SCRAPED_RONAL_BMF_RESEARCH_ONLY,false,2026-08-03T22:53:31.241Z,BMF Media Information Technology GmbH / ProVis4,RONAL wheel configurator,https://www.ronal-wheels.com/int/configurator-promo,RONAL-ae2f6cc4-64cd-c4ea-33a3-d38c43994ce8,Tesla,Tesla,Model%203,Model 3,K0005367,Model 3 Highland (003/Facelift) 2023 - ,Saloon,Model 3 Highland,003,2023,,88,190,P00053670127889,Model 3,Electrical,122,90,rear wheel drive,,P00053670127889,Tesla,003,122 PS / 90 kW,https://images002.bmf-application.com/optimized/PKW/240x120/TESLA009.png,https://www.ronal-wheels.com/int/configurator-promo,ok,
SCRAPED_RONAL_BMF_RESEARCH_ONLY,false,2026-08-03T22:53:31.241Z,BMF Media Information Technology GmbH / ProVis4,RONAL wheel configurator,https://www.ronal-wheels.com/int/configurator-promo,RONAL-ae2f6cc4-64cd-c4ea-33a3-d38c43994ce8,Tesla,Tesla,Model%20S,Model S,K0003521,Model S (002) 2013 - 2016,Saloon,Model S,002,2013,2016,52,169,P00035210083515,Model S,Electrical,71,52,rear wheel drive,,P00035210083515,Tesla,002,71 PS / 52 kW,https://images002.bmf-application.com/optimized/PKW/240x120/TESLA001.png,https://www.ronal-wheels.com/int/configurator-promo,ok,
SCRAPED_RONAL_BMF_RESEARCH_ONLY,false,2026-08-03T22:53:31.241Z,BMF Media Information Technology GmbH / ProVis4,RONAL wheel configurator,https://www.ronal-wheels.com/int/configurator-promo,RONAL-ae2f6cc4-64cd-c4ea-33a3-d38c43994ce8,Tesla,Tesla,Model%20S,Model S,K0003521,Model S (002) 2013 - 2016,Saloon,Model S,002,2013,2016,52,169,P00035210083516,Model S,Electrical,94,69,rear wheel drive,,P00035210083516,Tesla,002,94 PS / 69 kW,https://images002.bmf-application.com/optimized/PKW/240x120/TESLA001.png,https://www.ronal-wheels.com/int/configurator-promo,ok,
SCRAPED_RONAL_BMF_RESEARCH_ONLY,false,2026-08-03T22:53:31.241Z,BMF Media Information Technology GmbH / ProVis4,RONAL wheel configurator,https://www.ronal-wheels.com/int/configurator-promo,RONAL-ae2f6cc4-64cd-c4ea-33a3-d38c43994ce8,Tesla,Tesla,Model%20S,Model S,K0003521,Model S (002) 2013 - 2016,Saloon,Model S,002,2013,2016,52,169,P00035210089060,Model S Dual Motor,Electrical,91,67,All-wheel drive,,P00035210089060,Tesla,002,91 PS / 67 kW,https://images002.bmf-application.com/optimized/PKW/240x120/TESLA001.png,https://www.ronal-wheels.com/int/configurator-promo,ok,
SCRAPED_RONAL_BMF_RESEARCH_ONLY,false,2026-08-03T22:53:31.241Z,BMF Media Information Technology GmbH / ProVis4,RONAL wheel configurator,https://www.ronal-wheels.com/int/configurator-promo,RONAL-ae2f6cc4-64cd-c4ea-33a3-d38c43994ce8,Tesla,Tesla,Model%20S,Model S,K0003521,Model S (002) 2013 - 2016,Saloon,Model S,002,2013,2016,52,169,P00035210089061,Model S Dual Motor,Electrical,90,66,All-wheel drive,,P00035210089061,Tesla,002,90 PS / 66 kW,https://images002.bmf-application.com/optimized/PKW/240x120/TESLA001.png,https://www.ronal-wheels.com/int/configurator-promo,ok,
SCRAPED_RONAL_BMF_RESEARCH_ONLY,false,2026-08-03T22:53:31.241Z,BMF Media Information Technology GmbH / ProVis4,RONAL wheel configurator,https://www.ronal-wheels.com/int/configurator-promo,RONAL-ae2f6cc4-64cd-c4ea-33a3-d38c43994ce8,Tesla,Tesla,Model%20S,Model S,K0003521,Model S (002) 2013 - 2016,Saloon,Model S,002,2013,2016,52,169,P00035210091023,Model S Dual Motor,Electrical,82,60,All-wheel drive,,P00035210091023,Tesla,002,82 PS / 60 kW,https://images002.bmf-application.com/optimized/PKW/240x120/TESLA001.png,https://www.ronal-wheels.com/int/configurator-promo,ok,
SCRAPED_RONAL_BMF_RESEARCH_ONLY,false,2026-08-03T22:53:31.241Z,BMF Media Information Technology GmbH / ProVis4,RONAL wheel configurator,https://www.ronal-wheels.com/int/configurator-promo,RONAL-ae2f6cc4-64cd-c4ea-33a3-d38c43994ce8,Tesla,Tesla,Model%20S,Model S,K0003521,Model S (002) 2013 - 2016,Saloon,Model S,002,2013,2016,52,169,P00035210092428,Model S P85,Electrical,122,90,rear wheel drive,,P00035210092428,Tesla,002,122 PS / 90 kW,https://images002.bmf-application.com/optimized/PKW/240x120/TESLA001.png,https://www.ronal-wheels.com/int/configurator-promo,ok,
SCRAPED_RONAL_BMF_RESEARCH_ONLY,false,2026-08-03T22:53:31.241Z,BMF Media Information Technology GmbH / ProVis4,RONAL wheel configurator,https://www.ronal-wheels.com/int/configurator-promo,RONAL-ae2f6cc4-64cd-c4ea-33a3-d38c43994ce8,Tesla,Tesla,Model%20S,Model S,K0003521,Model S (002) 2013 - 2016,Saloon,Model S,002,2013,2016,52,169,P00035210092429,Model S Dual Motor,Electrical,230,169,All-wheel drive,,P00035210092429,Tesla,002,230 PS / 169 kW,https://images002.bmf-application.com/optimized/PKW/240x120/TESLA001.png,https://www.ronal-wheels.com/int/configurator-promo,ok,
SCRAPED_RONAL_BMF_RESEARCH_ONLY,false,2026-08-03T22:53:31.241Z,BMF Media Information Technology GmbH / ProVis4,RONAL wheel configurator,https://www.ronal-wheels.com/int/configurator-promo,RONAL-ae2f6cc4-64cd-c4ea-33a3-d38c43994ce8,Tesla,Tesla,Model%20S,Model S,K0003521,Model S (002) 2013 - 2016,Saloon,Model S,002,2013,2016,52,169,P00035210092430,Model S Dual Motor,Electrical,215,158,All-wheel drive,,P00035210092430,Tesla,002,215 PS / 158 kW,https://images002.bmf-application.com/optimized/PKW/240x120/TESLA001.png,https://www.ronal-wheels.com/int/configurator-promo,ok,
SCRAPED_RONAL_BMF_RESEARCH_ONLY,false,2026-08-03T22:53:31.241Z,BMF Media Information Technology GmbH / ProVis4,RONAL wheel configurator,https://www.ronal-wheels.com/int/configurator-promo,RONAL-ae2f6cc4-64cd-c4ea-33a3-d38c43994ce8,Tesla,Tesla,Model%20S,Model S,K0004367,Model S (002/Facelift) 2016 - 2022,Saloon,Model S,002,2016,2022,90,186,P00043670100209,Model S 100D Dual Motor,Electrical,215,158,All-wheel drive,,P00043670100209,Tesla,002,215 PS / 158 kW,https://images002.bmf-application.com/optimized/PKW/240x120/TESLA003.png,https://www.ronal-wheels.com/int/configurator-promo,ok,
SCRAPED_RONAL_BMF_RESEARCH_ONLY,false,2026-08-03T22:53:31.241Z,BMF Media Information Technology GmbH / ProVis4,RONAL wheel configurator,https://www.ronal-wheels.com/int/configurator-promo,RONAL-ae2f6cc4-64cd-c4ea-33a3-d38c43994ce8,Tesla,Tesla,Model%20S,Model S,K0004367,Model S (002/Facelift) 2016 - 2022,Saloon,Model S,002,2016,2022,90,186,P00043670100210,Model S P100D Dual Motor,Electrical,230,169,All-wheel drive,,P00043670100210,Tesla,002,230 PS / 169 kW,https://images002.bmf-application.com/optimized/PKW/240x120/TESLA003.png,https://www.ronal-wheels.com/int/configurator-promo,ok,
SCRAPED_RONAL_BMF_RESEARCH_ONLY,false,2026-08-03T22:53:31.241Z,BMF Media Information Technology GmbH / ProVis4,RONAL wheel configurator,https://www.ronal-wheels.com/int/configurator-promo,RONAL-ae2f6cc4-64cd-c4ea-33a3-d38c43994ce8,Tesla,Tesla,Model%20S,Model S,K0004367,Model S (002/Facelift) 2016 - 2022,Saloon,Model S,002,2016,2022,90,186,P00043670100211,Model S 75,Electrical,122,90,rear wheel drive,,P00043670100211,Tesla,002,122 PS / 90 kW,https://images002.bmf-application.com/optimized/PKW/240x120/TESLA003.png,https://www.ronal-wheels.com/int/configurator-promo,ok,
SCRAPED_RONAL_BMF_RESEARCH_ONLY,false,2026-08-03T22:53:31.241Z,BMF Media Information Technology GmbH / ProVis4,RONAL wheel configurator,https://www.ronal-wheels.com/int/configurator-promo,RONAL-ae2f6cc4-64cd-c4ea-33a3-d38c43994ce8,Tesla,Tesla,Model%20S,Model S,K0004367,Model S (002/Facelift) 2016 - 2022,Saloon,Model S,002,2016,2022,90,186,P00043670103746,Model S Performance,Electrical,245,180,All-wheel drive,,P00043670103746,Tesla,002,245 PS / 180 kW,https://images002.bmf-application.com/optimized/PKW/240x120/TESLA003.png,https://www.ronal-wheels.com/int/configurator-promo,ok,
SCRAPED_RONAL_BMF_RESEARCH_ONLY,false,2026-08-03T22:53:31.241Z,BMF Media Information Technology GmbH / ProVis4,RONAL wheel configurator,https://www.ronal-wheels.com/int/configurator-promo,RONAL-ae2f6cc4-64cd-c4ea-33a3-d38c43994ce8,Tesla,Tesla,Model%20S,Model S,K0004367,Model S (002/Facelift) 2016 - 2022,Saloon,Model S,002,2016,2022,90,186,P00043670104728,Model S,Electrical,241,177,All-wheel drive,,P00043670104728,Tesla,002,241 PS / 177 kW,https://images002.bmf-application.com/optimized/PKW/240x120/TESLA003.png,https://www.ronal-wheels.com/int/configurator-promo,ok,
SCRAPED_RONAL_BMF_RESEARCH_ONLY,false,2026-08-03T22:53:31.241Z,BMF Media Information Technology GmbH / ProVis4,RONAL wheel configurator,https://www.ronal-wheels.com/int/configurator-promo,RONAL-ae2f6cc4-64cd-c4ea-33a3-d38c43994ce8,Tesla,Tesla,Model%20S,Model S,K0004367,Model S (002/Facelift) 2016 - 2022,Saloon,Model S,002,2016,2022,90,186,P00043670105124,Model S Performance,Electrical,253,186,All-wheel drive,,P00043670105124,Tesla,002,253 PS / 186 kW,https://images002.bmf-application.com/optimized/PKW/240x120/TESLA003.png,https://www.ronal-wheels.com/int/configurator-promo,ok,
SCRAPED_RONAL_BMF_RESEARCH_ONLY,false,2026-08-03T22:53:31.241Z,BMF Media Information Technology GmbH / ProVis4,RONAL wheel configurator,https://www.ronal-wheels.com/int/configurator-promo,RONAL-ae2f6cc4-64cd-c4ea-33a3-d38c43994ce8,Tesla,Tesla,Model%20Y,Model Y,K0005021,Model Y (003/005) 2021 - 2024,SUV,Model Y,003/005,2021,2024,88,190,P00050210108663,Model Y Standard Range RWD,Electrical,120,88,rear wheel drive,,P00050210108663,Tesla,003/005,120 PS / 88 kW,https://images002.bmf-application.com/optimized/PKW/240x120/TESLA005.png,https://www.ronal-wheels.com/int/configurator-promo,ok,
SCRAPED_RONAL_BMF_RESEARCH_ONLY,false,2026-08-03T22:53:31.241Z,BMF Media Information Technology GmbH / ProVis4,RONAL wheel configurator,https://www.ronal-wheels.com/int/configurator-promo,RONAL-ae2f6cc4-64cd-c4ea-33a3-d38c43994ce8,Tesla,Tesla,Model%20Y,Model Y,K0005021,Model Y (003/005) 2021 - 2024,SUV,Model Y,003/005,2021,2024,88,190,P00050210108664,Model Y Long Range RWD,Electrical,136,100,rear wheel drive,,P00050210108664,Tesla,003/005,136 PS / 100 kW,https://images002.bmf-application.com/optimized/PKW/240x120/TESLA005.png,https://www.ronal-wheels.com/int/configurator-promo,ok,
SCRAPED_RONAL_BMF_RESEARCH_ONLY,false,2026-08-03T22:53:31.241Z,BMF Media Information Technology GmbH / ProVis4,RONAL wheel configurator,https://www.ronal-wheels.com/int/configurator-promo,RONAL-ae2f6cc4-64cd-c4ea-33a3-d38c43994ce8,Tesla,Tesla,Model%20Y,Model Y,K0005021,Model Y (003/005) 2021 - 2024,SUV,Model Y,003/005,2021,2024,88,190,P00050210108665,Model Y Long Range AWD,Electrical,208,153,All-wheel drive,,P00050210108665,Tesla,003/005,208 PS / 153 kW,https://images002.bmf-application.com/optimized/PKW/240x120/TESLA005.png,https://www.ronal-wheels.com/int/configurator-promo,ok,
SCRAPED_RONAL_BMF_RESEARCH_ONLY,false,2026-08-03T22:53:31.241Z,BMF Media Information Technology GmbH / ProVis4,RONAL wheel configurator,https://www.ronal-wheels.com/int/configurator-promo,RONAL-ae2f6cc4-64cd-c4ea-33a3-d38c43994ce8,Tesla,Tesla,Model%20Y,Model Y,K0005021,Model Y (003/005) 2021 - 2024,SUV,Model Y,003/005,2021,2024,88,190,P00050210108666,Model Y Performance AWD,Electrical,211,155,All-wheel drive,,P00050210108666,Tesla,003/005,211 PS / 155 kW,https://images002.bmf-application.com/optimized/PKW/240x120/TESLA005.png,https://www.ronal-wheels.com/int/configurator-promo,ok,
SCRAPED_RONAL_BMF_RESEARCH_ONLY,false,2026-08-03T22:53:31.241Z,BMF Media Information Technology GmbH / ProVis4,RONAL wheel configurator,https://www.ronal-wheels.com/int/configurator-promo,RONAL-ae2f6cc4-64cd-c4ea-33a3-d38c43994ce8,Tesla,Tesla,Model%20Y,Model Y,K0005021,Model Y (003/005) 2021 - 2024,SUV,Model Y,003/005,2021,2024,88,190,P00050210110637,Model Y AWD,Electrical,258,190,All-wheel drive,,P00050210110637,Tesla,003/005,258 PS / 190 kW,https://images002.bmf-application.com/optimized/PKW/240x120/TESLA005.png,https://www.ronal-wheels.com/int/configurator-promo,ok,
SCRAPED_RONAL_BMF_RESEARCH_ONLY,false,2026-08-03T22:53:31.241Z,BMF Media Information Technology GmbH / ProVis4,RONAL wheel configurator,https://www.ronal-wheels.com/int/configurator-promo,RONAL-ae2f6cc4-64cd-c4ea-33a3-d38c43994ce8,Tesla,Tesla,Model%20Y,Model Y,K0005021,Model Y (003/005) 2021 - 2024,SUV,Model Y,003/005,2021,2024,88,190,P00050210110638,Model Y AWD,Electrical,252,185,All-wheel drive,,P00050210110638,Tesla,003/005,252 PS / 185 kW,https://images002.bmf-application.com/optimized/PKW/240x120/TESLA005.png,https://www.ronal-wheels.com/int/configurator-promo,ok,
SCRAPED_RONAL_BMF_RESEARCH_ONLY,false,2026-08-03T22:53:31.241Z,BMF Media Information Technology GmbH / ProVis4,RONAL wheel configurator,https://www.ronal-wheels.com/int/configurator-promo,RONAL-ae2f6cc4-64cd-c4ea-33a3-d38c43994ce8,Tesla,Tesla,Model%20Y,Model Y,K0005021,Model Y (003/005) 2021 - 2024,SUV,Model Y,003/005,2021,2024,88,190,P00050210110639,Model Y,Electrical,170,125,rear wheel drive,,P00050210110639,Tesla,003/005,170 PS / 125 kW,https://images002.bmf-application.com/optimized/PKW/240x120/TESLA005.png,https://www.ronal-wheels.com/int/configurator-promo,ok,
SCRAPED_RONAL_BMF_RESEARCH_ONLY,false,2026-08-03T22:53:31.241Z,BMF Media Information Technology GmbH / ProVis4,RONAL wheel configurator,https://www.ronal-wheels.com/int/configurator-promo,RONAL-ae2f6cc4-64cd-c4ea-33a3-d38c43994ce8,Tesla,Tesla,Model%20Y,Model Y,K0005021,Model Y (003/005) 2021 - 2024,SUV,Model Y,003/005,2021,2024,88,190,P00050210110640,Model Y,Electrical,173,127,rear wheel drive,,P00050210110640,Tesla,003/005,173 PS / 127 kW,https://images002.bmf-application.com/optimized/PKW/240x120/TESLA005.png,https://www.ronal-wheels.com/int/configurator-promo,ok,
SCRAPED_RONAL_BMF_RESEARCH_ONLY,false,2026-08-03T22:53:31.241Z,BMF Media Information Technology GmbH / ProVis4,RONAL wheel configurator,https://www.ronal-wheels.com/int/configurator-promo,RONAL-ae2f6cc4-64cd-c4ea-33a3-d38c43994ce8,Tesla,Tesla,Model%20Y,Model Y,K0005021,Model Y (003/005) 2021 - 2024,SUV,Model Y,003/005,2021,2024,88,190,P00050210111178,Model Y,Electrical,122,90,rear wheel drive,,P00050210111178,Tesla,003/005,122 PS / 90 kW,https://images002.bmf-application.com/optimized/PKW/240x120/TESLA005.png,https://www.ronal-wheels.com/int/configurator-promo,ok,
SCRAPED_RONAL_BMF_RESEARCH_ONLY,false,2026-08-03T22:53:31.241Z,BMF Media Information Technology GmbH / ProVis4,RONAL wheel configurator,https://www.ronal-wheels.com/int/configurator-promo,RONAL-ae2f6cc4-64cd-c4ea-33a3-d38c43994ce8,Tesla,Tesla,Model%20Y,Model Y,K0005021,Model Y (003/005) 2021 - 2024,SUV,Model Y,003/005,2021,2024,88,190,P00050210124080,Model Y,Electrical,155,114,rear wheel drive,,P00050210124080,Tesla,003/005,155 PS / 114 kW,https://images002.bmf-application.com/optimized/PKW/240x120/TESLA005.png,https://www.ronal-wheels.com/int/configurator-promo,ok,
SCRAPED_RONAL_BMF_RESEARCH_ONLY,false,2026-08-03T22:53:31.241Z,BMF Media Information Technology GmbH / ProVis4,RONAL wheel configurator,https://www.ronal-wheels.com/int/configurator-promo,RONAL-ae2f6cc4-64cd-c4ea-33a3-d38c43994ce8,Tesla,Tesla,Model%20Y,Model Y,K0005021,Model Y (003/005) 2021 - 2024,SUV,Model Y,003/005,2021,2024,88,190,P00050210124081,Model Y,Electrical,163,120,rear wheel drive,,P00050210124081,Tesla,003/005,163 PS / 120 kW,https://images002.bmf-application.com/optimized/PKW/240x120/TESLA005.png,https://www.ronal-wheels.com/int/configurator-promo,ok,
SCRAPED_RONAL_BMF_RESEARCH_ONLY,false,2026-08-03T22:53:31.241Z,BMF Media Information Technology GmbH / ProVis4,RONAL wheel configurator,https://www.ronal-wheels.com/int/configurator-promo,RONAL-ae2f6cc4-64cd-c4ea-33a3-d38c43994ce8,Tesla,Tesla,Model%20Y,Model Y,K0005021,Model Y (003/005) 2021 - 2024,SUV,Model Y,003/005,2021,2024,88,190,P00050210124082,Model Y,Electrical,243,179,All-wheel drive,,P00050210124082,Tesla,003/005,243 PS / 179 kW,https://images002.bmf-application.com/optimized/PKW/240x120/TESLA005.png,https://www.ronal-wheels.com/int/configurator-promo,ok,
SCRAPED_RONAL_BMF_RESEARCH_ONLY,false,2026-08-03T22:53:31.241Z,BMF Media Information Technology GmbH / ProVis4,RONAL wheel configurator,https://www.ronal-wheels.com/int/configurator-promo,RONAL-ae2f6cc4-64cd-c4ea-33a3-d38c43994ce8,Tesla,Tesla,Model%20Y,Model Y,K0005797,Model Y (003/005) 2025 - ,SUV,Model Y,003/005,2025,,88,190,P00057970128367,Model Y Performance AWD,Electrical,211,155,All-wheel drive,,P00057970128367,Tesla,003/005,211 PS / 155 kW,https://images002.bmf-application.com/optimized/PKW/240x120/TESLA010.png,https://www.ronal-wheels.com/int/configurator-promo,ok,
SCRAPED_RONAL_BMF_RESEARCH_ONLY,false,2026-08-03T22:53:31.241Z,BMF Media Information Technology GmbH / ProVis4,RONAL wheel configurator,https://www.ronal-wheels.com/int/configurator-promo,RONAL-ae2f6cc4-64cd-c4ea-33a3-d38c43994ce8,Tesla,Tesla,Model%20Y,Model Y,K0005797,Model Y (003/005) 2025 - ,SUV,Model Y,003/005,2025,,88,190,P00057970128368,Model Y,Electrical,252,185,All-wheel drive,,P00057970128368,Tesla,003/005,252 PS / 185 kW,https://images002.bmf-application.com/optimized/PKW/240x120/TESLA010.png,https://www.ronal-wheels.com/int/configurator-promo,ok,
SCRAPED_RONAL_BMF_RESEARCH_ONLY,false,2026-08-03T22:53:31.241Z,BMF Media Information Technology GmbH / ProVis4,RONAL wheel configurator,https://www.ronal-wheels.com/int/configurator-promo,RONAL-ae2f6cc4-64cd-c4ea-33a3-d38c43994ce8,Tesla,Tesla,Model%20Y,Model Y,K0005797,Model Y (003/005) 2025 - ,SUV,Model Y,003/005,2025,,88,190,P00057970128369,Model Y Standard Range RWD,Electrical,120,88,rear wheel drive,,P00057970128369,Tesla,003/005,120 PS / 88 kW,https://images002.bmf-application.com/optimized/PKW/240x120/TESLA010.png,https://www.ronal-wheels.com/int/configurator-promo,ok,
SCRAPED_RONAL_BMF_RESEARCH_ONLY,false,2026-08-03T22:53:31.241Z,BMF Media Information Technology GmbH / ProVis4,RONAL wheel configurator,https://www.ronal-wheels.com/int/configurator-promo,RONAL-ae2f6cc4-64cd-c4ea-33a3-d38c43994ce8,Tesla,Tesla,Model%20Y,Model Y,K0005797,Model Y (003/005) 2025 - ,SUV,Model Y,003/005,2025,,88,190,P00057970128370,Model Y Long Range AWD,Electrical,208,153,All-wheel drive,,P00057970128370,Tesla,003/005,208 PS / 153 kW,https://images002.bmf-application.com/optimized/PKW/240x120/TESLA010.png,https://www.ronal-wheels.com/int/configurator-promo,ok,
SCRAPED_RONAL_BMF_RESEARCH_ONLY,false,2026-08-03T22:53:31.241Z,BMF Media Information Technology GmbH / ProVis4,RONAL wheel configurator,https://www.ronal-wheels.com/int/configurator-promo,RONAL-ae2f6cc4-64cd-c4ea-33a3-d38c43994ce8,Tesla,Tesla,Model%20Y,Model Y,K0005797,Model Y (003/005) 2025 - ,SUV,Model Y,003/005,2025,,88,190,P00057970128371,Model Y,Electrical,258,190,All-wheel drive,,P00057970128371,Tesla,003/005,258 PS / 190 kW,https://images002.bmf-application.com/optimized/PKW/240x120/TESLA010.png,https://www.ronal-wheels.com/int/configurator-promo,ok,
SCRAPED_RONAL_BMF_RESEARCH_ONLY,false,2026-08-03T22:53:31.241Z,BMF Media Information Technology GmbH / ProVis4,RONAL wheel configurator,https://www.ronal-wheels.com/int/configurator-promo,RONAL-ae2f6cc4-64cd-c4ea-33a3-d38c43994ce8,Tesla,Tesla,Model%20Y,Model Y,K0005797,Model Y (003/005) 2025 - ,SUV,Model Y,003/005,2025,,88,190,P00057970128372,Model Y,Electrical,173,127,rear wheel drive,,P00057970128372,Tesla,003/005,173 PS / 127 kW,https://images002.bmf-application.com/optimized/PKW/240x120/TESLA010.png,https://www.ronal-wheels.com/int/configurator-promo,ok,
SCRAPED_RONAL_BMF_RESEARCH_ONLY,false,2026-08-03T22:53:31.241Z,BMF Media Information Technology GmbH / ProVis4,RONAL wheel configurator,https://www.ronal-wheels.com/int/configurator-promo,RONAL-ae2f6cc4-64cd-c4ea-33a3-d38c43994ce8,Tesla,Tesla,Model%20Y,Model Y,K0005797,Model Y (003/005) 2025 - ,SUV,Model Y,003/005,2025,,88,190,P00057970128373,Model Y,Electrical,155,114,rear wheel drive,,P00057970128373,Tesla,003/005,155 PS / 114 kW,https://images002.bmf-application.com/optimized/PKW/240x120/TESLA010.png,https://www.ronal-wheels.com/int/configurator-promo,ok,
SCRAPED_RONAL_BMF_RESEARCH_ONLY,false,2026-08-03T22:53:31.241Z,BMF Media Information Technology GmbH / ProVis4,RONAL wheel configurator,https://www.ronal-wheels.com/int/configurator-promo,RONAL-ae2f6cc4-64cd-c4ea-33a3-d38c43994ce8,Tesla,Tesla,Model%20Y,Model Y,K0005797,Model Y (003/005) 2025 - ,SUV,Model Y,003/005,2025,,88,190,P00057970128374,Model Y,Electrical,170,125,rear wheel drive,,P00057970128374,Tesla,003/005,170 PS / 125 kW,https://images002.bmf-application.com/optimized/PKW/240x120/TESLA010.png,https://www.ronal-wheels.com/int/configurator-promo,ok,
SCRAPED_RONAL_BMF_RESEARCH_ONLY,false,2026-08-03T22:53:31.241Z,BMF Media Information Technology GmbH / ProVis4,RONAL wheel configurator,https://www.ronal-wheels.com/int/configurator-promo,RONAL-ae2f6cc4-64cd-c4ea-33a3-d38c43994ce8,Tesla,Tesla,Model%20Y,Model Y,K0005797,Model Y (003/005) 2025 - ,SUV,Model Y,003/005,2025,,88,190,P00057970128375,Model Y,Electrical,163,120,rear wheel drive,,P00057970128375,Tesla,003/005,163 PS / 120 kW,https://images002.bmf-application.com/optimized/PKW/240x120/TESLA010.png,https://www.ronal-wheels.com/int/configurator-promo,ok,
SCRAPED_RONAL_BMF_RESEARCH_ONLY,false,2026-08-03T22:53:31.241Z,BMF Media Information Technology GmbH / ProVis4,RONAL wheel configurator,https://www.ronal-wheels.com/int/configurator-promo,RONAL-ae2f6cc4-64cd-c4ea-33a3-d38c43994ce8,Tesla,Tesla,Model%20Y,Model Y,K0005797,Model Y (003/005) 2025 - ,SUV,Model Y,003/005,2025,,88,190,P00057970128376,Model Y,Electrical,243,179,All-wheel drive,,P00057970128376,Tesla,003/005,243 PS / 179 kW,https://images002.bmf-application.com/optimized/PKW/240x120/TESLA010.png,https://www.ronal-wheels.com/int/configurator-promo,ok,
SCRAPED_RONAL_BMF_RESEARCH_ONLY,false,2026-08-03T22:53:31.241Z,BMF Media Information Technology GmbH / ProVis4,RONAL wheel configurator,https://www.ronal-wheels.com/int/configurator-promo,RONAL-ae2f6cc4-64cd-c4ea-33a3-d38c43994ce8,Tesla,Tesla,Model%20Y,Model Y,K0005797,Model Y (003/005) 2025 - ,SUV,Model Y,003/005,2025,,88,190,P00057970128911,Model Y,Electrical,245,180,All-wheel drive,,P00057970128911,Tesla,003/005,245 PS / 180 kW,https://images002.bmf-application.com/optimized/PKW/240x120/TESLA010.png,https://www.ronal-wheels.com/int/configurator-promo,ok,
SCRAPED_RONAL_BMF_RESEARCH_ONLY,false,2026-08-03T22:53:31.241Z,BMF Media Information Technology GmbH / ProVis4,RONAL wheel configurator,https://www.ronal-wheels.com/int/configurator-promo,RONAL-ae2f6cc4-64cd-c4ea-33a3-d38c43994ce8,Tesla,Tesla,Model%20Y,Model Y,K0005797,Model Y (003/005) 2025 - ,SUV,Model Y,003/005,2025,,88,190,P00057970128912,Model Y,Electrical,230,169,All-wheel drive,,P00057970128912,Tesla,003/005,230 PS / 169 kW,https://images002.bmf-application.com/optimized/PKW/240x120/TESLA010.png,https://www.ronal-wheels.com/int/configurator-promo,ok,
SCRAPED_RONAL_BMF_RESEARCH_ONLY,false,2026-08-03T22:53:31.241Z,BMF Media Information Technology GmbH / ProVis4,RONAL wheel configurator,https://www.ronal-wheels.com/int/configurator-promo,RONAL-ae2f6cc4-64cd-c4ea-33a3-d38c43994ce8,Tesla,Tesla,Model%20Y,Model Y,K0005797,Model Y (003/005) 2025 - ,SUV,Model Y,003/005,2025,,88,190,P00057970128913,Model Y,Electrical,238,175,All-wheel drive,,P00057970128913,Tesla,003/005,238 PS / 175 kW,https://images002.bmf-application.com/optimized/PKW/240x120/TESLA010.png,https://www.ronal-wheels.com/int/configurator-promo,ok,
SCRAPED_RONAL_BMF_RESEARCH_ONLY,false,2026-08-03T22:53:31.241Z,BMF Media Information Technology GmbH / ProVis4,RONAL wheel configurator,https://www.ronal-wheels.com/int/configurator-promo,RONAL-ae2f6cc4-64cd-c4ea-33a3-d38c43994ce8,Tesla,Tesla,Model%20Y,Model Y,K0005797,Model Y (003/005) 2025 - ,SUV,Model Y,003/005,2025,,88,190,P00057970128914,Model Y,Electrical,224,165,All-wheel drive,,P00057970128914,Tesla,003/005,224 PS / 165 kW,https://images002.bmf-application.com/optimized/PKW/240x120/TESLA010.png,https://www.ronal-wheels.com/int/configurator-promo,ok,
SCRAPED_RONAL_BMF_RESEARCH_ONLY,false,2026-08-03T22:53:31.241Z,BMF Media Information Technology GmbH / ProVis4,RONAL wheel configurator,https://www.ronal-wheels.com/int/configurator-promo,RONAL-ae2f6cc4-64cd-c4ea-33a3-d38c43994ce8,Toyota,Toyota,bZ4X,bZ4X,K0005109,bZ4X (EAM1(M)) 2022 - 2025,SUV,bZ4X,EAM1(M),2022,2025,73,118,P00051090109971,bZ4X FWD,Electrical,99,73,front wheel drive ,,P00051090109971,Toyota,EAM1(M),99 PS / 73 kW,https://images002.bmf-application.com/optimized/PKW/240x120/TOY028.png,https://www.ronal-wheels.com/int/configurator-promo,ok,
SCRAPED_RONAL_BMF_RESEARCH_ONLY,false,2026-08-03T22:53:31.241Z,BMF Media Information Technology GmbH / ProVis4,RONAL wheel configurator,https://www.ronal-wheels.com/int/configurator-promo,RONAL-ae2f6cc4-64cd-c4ea-33a3-d38c43994ce8,Toyota,Toyota,bZ4X,bZ4X,K0005109,bZ4X (EAM1(M)) 2022 - 2025,SUV,bZ4X,EAM1(M),2022,2025,73,118,P00051090109972,bZ4X 4WD,Electrical,160,118,All-wheel drive,,P00051090109972,Toyota,EAM1(M),160 PS / 118 kW,https://images002.bmf-application.com/optimized/PKW/240x120/TOY028.png,https://www.ronal-wheels.com/int/configurator-promo,ok,
SCRAPED_RONAL_BMF_RESEARCH_ONLY,false,2026-08-03T22:53:31.241Z,BMF Media Information Technology GmbH / ProVis4,RONAL wheel configurator,https://www.ronal-wheels.com/int/configurator-promo,RONAL-ae2f6cc4-64cd-c4ea-33a3-d38c43994ce8,Toyota,Toyota,Proace,Proace,K0004730,Proace (E) 2020 - ,Van,Proace,E,2020,,56,96,P00047300108579,Proace City Electric,Electrical,77,57,front wheel drive ,,P00047300108579,Toyota,E,77 PS / 57 kW,https://images002.bmf-application.com/optimized/PKW/240x120/TOY019.png,https://www.ronal-wheels.com/int/configurator-promo,ok,
SCRAPED_RONAL_BMF_RESEARCH_ONLY,false,2026-08-03T22:53:31.241Z,BMF Media Information Technology GmbH / ProVis4,RONAL wheel configurator,https://www.ronal-wheels.com/int/configurator-promo,RONAL-ae2f6cc4-64cd-c4ea-33a3-d38c43994ce8,Toyota,Toyota,Proace,Proace,K0004730,Proace (E) 2020 - ,Van,Proace,E,2020,,56,96,P00047300108580,Proace City Verso Electric,Electrical,77,57,front wheel drive ,,P00047300108580,Toyota,E,77 PS / 57 kW,https://images002.bmf-application.com/optimized/PKW/240x120/TOY019.png,https://www.ronal-wheels.com/int/configurator-promo,ok,
SCRAPED_RONAL_BMF_RESEARCH_ONLY,false,2026-08-03T22:53:31.241Z,BMF Media Information Technology GmbH / ProVis4,RONAL wheel configurator,https://www.ronal-wheels.com/int/configurator-promo,RONAL-ae2f6cc4-64cd-c4ea-33a3-d38c43994ce8,Toyota,Toyota,Proace,Proace,K0004730,Proace (E) 2020 - ,Van,Proace,E,2020,,56,96,P00047300123884,Proace City Verso Electric,Electrical,84,62,front wheel drive ,,P00047300123884,Toyota,E,84 PS / 62 kW,https://images002.bmf-application.com/optimized/PKW/240x120/TOY019.png,https://www.ronal-wheels.com/int/configurator-promo,ok,
SCRAPED_RONAL_BMF_RESEARCH_ONLY,false,2026-08-03T22:53:31.241Z,BMF Media Information Technology GmbH / ProVis4,RONAL wheel configurator,https://www.ronal-wheels.com/int/configurator-promo,RONAL-ae2f6cc4-64cd-c4ea-33a3-d38c43994ce8,Toyota,Toyota,Proace,Proace,K0004071,Proace Verso (V) 2016 - ,Van,Proace Verso,V,2016,,57,130,P00040710106046,e-Proace Verso,Electrical,77,57,front wheel drive ,,P00040710106046,Toyota,V,77 PS / 57 kW,https://images002.bmf-application.com/optimized/PKW/240x120/TOPRV16X.png,https://www.ronal-wheels.com/int/configurator-promo,ok,
SCRAPED_RONAL_BMF_RESEARCH_ONLY,false,2026-08-03T22:53:31.241Z,BMF Media Information Technology GmbH / ProVis4,RONAL wheel configurator,https://www.ronal-wheels.com/int/configurator-promo,RONAL-ae2f6cc4-64cd-c4ea-33a3-d38c43994ce8,Toyota,Toyota,Proace,Proace,K0004071,Proace Verso (V) 2016 - ,Van,Proace Verso,V,2016,,57,130,P00040710124083,e-Proace,Electrical,84,62,front wheel drive ,,P00040710124083,Toyota,V,84 PS / 62 kW,https://images002.bmf-application.com/optimized/PKW/240x120/TOPRV16X.png,https://www.ronal-wheels.com/int/configurator-promo,ok,
SCRAPED_RONAL_BMF_RESEARCH_ONLY,false,2026-08-03T22:53:31.241Z,BMF Media Information Technology GmbH / ProVis4,RONAL wheel configurator,https://www.ronal-wheels.com/int/configurator-promo,RONAL-ae2f6cc4-64cd-c4ea-33a3-d38c43994ce8,Volvo,Volvo,C30_2fS40_2fV50_2fC70,C30/S40/V50/C70,K0002918,C30 (M/Facelift) 2009 - ,Coupe,C30,M,2009,,74,169,P00029180038775,C30 Elektro Typ E,Electrical,111,82,front wheel drive ,,P00029180038775,Volvo,M,111 PS / 82 kW,https://images002.bmf-application.com/optimized/PKW/240x120/VOC3010X.png,https://www.ronal-wheels.com/int/configurator-promo,ok,
SCRAPED_RONAL_BMF_RESEARCH_ONLY,false,2026-08-03T22:53:31.241Z,BMF Media Information Technology GmbH / ProVis4,RONAL wheel configurator,https://www.ronal-wheels.com/int/configurator-promo,RONAL-ae2f6cc4-64cd-c4ea-33a3-d38c43994ce8,Volvo,Volvo,C30_2fS40_2fV50_2fC70,C30/S40/V50/C70,K0002918,C30 (M/Facelift) 2009 - ,Coupe,C30,M,2009,,74,169,P00029180085005,C30 Elektro,Electrical,121,89,front wheel drive ,,P00029180085005,Volvo,M,121 PS / 89 kW,https://images002.bmf-application.com/optimized/PKW/240x120/VOC3010X.png,https://www.ronal-wheels.com/int/configurator-promo,ok,
SCRAPED_RONAL_BMF_RESEARCH_ONLY,false,2026-08-03T22:53:31.241Z,BMF Media Information Technology GmbH / ProVis4,RONAL wheel configurator,https://www.ronal-wheels.com/int/configurator-promo,RONAL-ae2f6cc4-64cd-c4ea-33a3-d38c43994ce8,Volvo,Volvo,C40,C40,K0005026,C40 (X) 2021 - ,SUV,C40,X,2021,,80,183,P00050260109945,C40 Recharge,Electrical,218,160,All-wheel drive,,P00050260109945,Volvo,X,218 PS / 160 kW,https://images002.bmf-application.com/optimized/PKW/240x120/VOLVO019.png,https://www.ronal-wheels.com/int/configurator-promo,ok,
SCRAPED_RONAL_BMF_RESEARCH_ONLY,false,2026-08-03T22:53:31.241Z,BMF Media Information Technology GmbH / ProVis4,RONAL wheel configurator,https://www.ronal-wheels.com/int/configurator-promo,RONAL-ae2f6cc4-64cd-c4ea-33a3-d38c43994ce8,Volvo,Volvo,C40,C40,K0005026,C40 (X) 2021 - ,SUV,C40,X,2021,,80,183,P00050260111013,C40 Recharge,Electrical,109,80,front wheel drive ,,P00050260111013,Volvo,X,109 PS / 80 kW,https://images002.bmf-application.com/optimized/PKW/240x120/VOLVO019.png,https://www.ronal-wheels.com/int/configurator-promo,ok,
SCRAPED_RONAL_BMF_RESEARCH_ONLY,false,2026-08-03T22:53:31.241Z,BMF Media Information Technology GmbH / ProVis4,RONAL wheel configurator,https://www.ronal-wheels.com/int/configurator-promo,RONAL-ae2f6cc4-64cd-c4ea-33a3-d38c43994ce8,Volvo,Volvo,C40,C40,K0005026,C40 (X) 2021 - ,SUV,C40,X,2021,,80,183,P00050260111069,C40 Recharge,Electrical,174,128,front wheel drive ,,P00050260111069,Volvo,X,174 PS / 128 kW,https://images002.bmf-application.com/optimized/PKW/240x120/VOLVO019.png,https://www.ronal-wheels.com/int/configurator-promo,ok,
SCRAPED_RONAL_BMF_RESEARCH_ONLY,false,2026-08-03T22:53:31.241Z,BMF Media Information Technology GmbH / ProVis4,RONAL wheel configurator,https://www.ronal-wheels.com/int/configurator-promo,RONAL-ae2f6cc4-64cd-c4ea-33a3-d38c43994ce8,Volvo,Volvo,C40,C40,K0005026,C40 (X) 2021 - ,SUV,C40,X,2021,,80,183,P00050260111070,C40 Recharge,Electrical,249,183,All-wheel drive,,P00050260111070,Volvo,X,249 PS / 183 kW,https://images002.bmf-application.com/optimized/PKW/240x120/VOLVO019.png,https://www.ronal-wheels.com/int/configurator-promo,ok,
SCRAPED_RONAL_BMF_RESEARCH_ONLY,false,2026-08-03T22:53:31.241Z,BMF Media Information Technology GmbH / ProVis4,RONAL wheel configurator,https://www.ronal-wheels.com/int/configurator-promo,RONAL-ae2f6cc4-64cd-c4ea-33a3-d38c43994ce8,Volvo,Volvo,C40,C40,K0005026,C40 (X) 2021 - ,SUV,C40,X,2021,,80,183,P00050260111597,C40 Recharge,Electrical,163,120,front wheel drive ,,P00050260111597,Volvo,X,163 PS / 120 kW,https://images002.bmf-application.com/optimized/PKW/240x120/VOLVO019.png,https://www.ronal-wheels.com/int/configurator-promo,ok,
SCRAPED_RONAL_BMF_RESEARCH_ONLY,false,2026-08-03T22:53:31.241Z,BMF Media Information Technology GmbH / ProVis4,RONAL wheel configurator,https://www.ronal-wheels.com/int/configurator-promo,RONAL-ae2f6cc4-64cd-c4ea-33a3-d38c43994ce8,Volvo,Volvo,EC40,EC40,K0005440,EC40 (X) 2024 - ,SUV,EC40,X,2024,,101,183,P00054400124085,EC40,Electrical,249,183,All-wheel drive,,P00054400124085,Volvo,X,249 PS / 183 kW,https://images002.bmf-application.com/optimized/PKW/240x120/VOLVO027.png,https://www.ronal-wheels.com/int/configurator-promo,ok,
SCRAPED_RONAL_BMF_RESEARCH_ONLY,false,2026-08-03T22:53:31.241Z,BMF Media Information Technology GmbH / ProVis4,RONAL wheel configurator,https://www.ronal-wheels.com/int/configurator-promo,RONAL-ae2f6cc4-64cd-c4ea-33a3-d38c43994ce8,Volvo,Volvo,EC40,EC40,K0005440,EC40 (X) 2024 - ,SUV,EC40,X,2024,,101,183,P00054400124086,EC40,Electrical,174,128,rear wheel drive,,P00054400124086,Volvo,X,174 PS / 128 kW,https://images002.bmf-application.com/optimized/PKW/240x120/VOLVO027.png,https://www.ronal-wheels.com/int/configurator-promo,ok,
SCRAPED_RONAL_BMF_RESEARCH_ONLY,false,2026-08-03T22:53:31.241Z,BMF Media Information Technology GmbH / ProVis4,RONAL wheel configurator,https://www.ronal-wheels.com/int/configurator-promo,RONAL-ae2f6cc4-64cd-c4ea-33a3-d38c43994ce8,Volvo,Volvo,EC40,EC40,K0005440,EC40 (X) 2024 - ,SUV,EC40,X,2024,,101,183,P00054400124087,EC40,Electrical,163,120,rear wheel drive,,P00054400124087,Volvo,X,163 PS / 120 kW,https://images002.bmf-application.com/optimized/PKW/240x120/VOLVO027.png,https://www.ronal-wheels.com/int/configurator-promo,ok,
SCRAPED_RONAL_BMF_RESEARCH_ONLY,false,2026-08-03T22:53:31.241Z,BMF Media Information Technology GmbH / ProVis4,RONAL wheel configurator,https://www.ronal-wheels.com/int/configurator-promo,RONAL-ae2f6cc4-64cd-c4ea-33a3-d38c43994ce8,Volvo,Volvo,EC40,EC40,K0005440,EC40 (X) 2024 - ,SUV,EC40,X,2024,,101,183,P00054400124088,EC40,Electrical,137,101,rear wheel drive,,P00054400124088,Volvo,X,137 PS / 101 kW,https://images002.bmf-application.com/optimized/PKW/240x120/VOLVO027.png,https://www.ronal-wheels.com/int/configurator-promo,ok,
SCRAPED_RONAL_BMF_RESEARCH_ONLY,false,2026-08-03T22:53:31.241Z,BMF Media Information Technology GmbH / ProVis4,RONAL wheel configurator,https://www.ronal-wheels.com/int/configurator-promo,RONAL-ae2f6cc4-64cd-c4ea-33a3-d38c43994ce8,Volvo,Volvo,EX30,EX30,K0005359,EX30 (2) 2024 - ,SUV,EX30,2,2024,,75,116,P00053590122198,EX30 Single Motor,Electrical,102,75,rear wheel drive,,P00053590122198,Volvo,2,102 PS / 75 kW,https://images002.bmf-application.com/optimized/PKW/240x120/VOLVO025.png,https://www.ronal-wheels.com/int/configurator-promo,ok,
SCRAPED_RONAL_BMF_RESEARCH_ONLY,false,2026-08-03T22:53:31.241Z,BMF Media Information Technology GmbH / ProVis4,RONAL wheel configurator,https://www.ronal-wheels.com/int/configurator-promo,RONAL-ae2f6cc4-64cd-c4ea-33a3-d38c43994ce8,Volvo,Volvo,EX30,EX30,K0005359,EX30 (2) 2024 - ,SUV,EX30,2,2024,,75,116,P00053590122199,EX30 Performance,Electrical,158,116,All-wheel drive,,P00053590122199,Volvo,2,158 PS / 116 kW,https://images002.bmf-application.com/optimized/PKW/240x120/VOLVO025.png,https://www.ronal-wheels.com/int/configurator-promo,ok,
SCRAPED_RONAL_BMF_RESEARCH_ONLY,false,2026-08-03T22:53:31.241Z,BMF Media Information Technology GmbH / ProVis4,RONAL wheel configurator,https://www.ronal-wheels.com/int/configurator-promo,RONAL-ae2f6cc4-64cd-c4ea-33a3-d38c43994ce8,Volvo,Volvo,EX40,EX40,K0005441,EX40 (X) 2024 - ,SUV,EX40,X,2024,,101,183,P00054410124089,EX40,Electrical,174,128,rear wheel drive,,P00054410124089,Volvo,X,174 PS / 128 kW,https://images002.bmf-application.com/optimized/PKW/240x120/VOLVO028.png,https://www.ronal-wheels.com/int/configurator-promo,ok,
SCRAPED_RONAL_BMF_RESEARCH_ONLY,false,2026-08-03T22:53:31.241Z,BMF Media Information Technology GmbH / ProVis4,RONAL wheel configurator,https://www.ronal-wheels.com/int/configurator-promo,RONAL-ae2f6cc4-64cd-c4ea-33a3-d38c43994ce8,Volvo,Volvo,EX40,EX40,K0005441,EX40 (X) 2024 - ,SUV,EX40,X,2024,,101,183,P00054410124090,EX40,Electrical,163,120,rear wheel drive,,P00054410124090,Volvo,X,163 PS / 120 kW,https://images002.bmf-application.com/optimized/PKW/240x120/VOLVO028.png,https://www.ronal-wheels.com/int/configurator-promo,ok,
SCRAPED_RONAL_BMF_RESEARCH_ONLY,false,2026-08-03T22:53:31.241Z,BMF Media Information Technology GmbH / ProVis4,RONAL wheel configurator,https://www.ronal-wheels.com/int/configurator-promo,RONAL-ae2f6cc4-64cd-c4ea-33a3-d38c43994ce8,Volvo,Volvo,EX40,EX40,K0005441,EX40 (X) 2024 - ,SUV,EX40,X,2024,,101,183,P00054410124091,EX40,Electrical,137,101,rear wheel drive,,P00054410124091,Volvo,X,137 PS / 101 kW,https://images002.bmf-application.com/optimized/PKW/240x120/VOLVO028.png,https://www.ronal-wheels.com/int/configurator-promo,ok,
SCRAPED_RONAL_BMF_RESEARCH_ONLY,false,2026-08-03T22:53:31.241Z,BMF Media Information Technology GmbH / ProVis4,RONAL wheel configurator,https://www.ronal-wheels.com/int/configurator-promo,RONAL-ae2f6cc4-64cd-c4ea-33a3-d38c43994ce8,Volvo,Volvo,EX40,EX40,K0005441,EX40 (X) 2024 - ,SUV,EX40,X,2024,,101,183,P00054410124092,EX40,Electrical,249,183,All-wheel drive,,P00054410124092,Volvo,X,249 PS / 183 kW,https://images002.bmf-application.com/optimized/PKW/240x120/VOLVO028.png,https://www.ronal-wheels.com/int/configurator-promo,ok,
SCRAPED_RONAL_BMF_RESEARCH_ONLY,false,2026-08-03T22:53:31.241Z,BMF Media Information Technology GmbH / ProVis4,RONAL wheel configurator,https://www.ronal-wheels.com/int/configurator-promo,RONAL-ae2f6cc4-64cd-c4ea-33a3-d38c43994ce8,Volvo,Volvo,XC40,XC40,K0004361,XC40 (X) 2017 - 2022,SUV,XC40,X,2017,2022,95,184,P00043610107071,XC40 P8 AWD,Electrical,218,160,All-wheel drive,,P00043610107071,Volvo,X,218 PS / 160 kW,https://images002.bmf-application.com/optimized/PKW/240x120/VOLVO005.png,https://www.ronal-wheels.com/int/configurator-promo,ok,
SCRAPED_RONAL_BMF_RESEARCH_ONLY,false,2026-08-03T22:53:31.241Z,BMF Media Information Technology GmbH / ProVis4,RONAL wheel configurator,https://www.ronal-wheels.com/int/configurator-promo,RONAL-ae2f6cc4-64cd-c4ea-33a3-d38c43994ce8,Volvo,Volvo,XC40,XC40,K0005106,XC40 (X/Facelift) 2022 - ,SUV,XC40,X,2022,,80,184,P00051060109181,XC40 P4,Electrical,109,80,front wheel drive ,,P00051060109181,Volvo,X,109 PS / 80 kW,https://images002.bmf-application.com/optimized/PKW/240x120/VOLVO020.png,https://www.ronal-wheels.com/int/configurator-promo,ok,
SCRAPED_RONAL_BMF_RESEARCH_ONLY,false,2026-08-03T22:53:31.241Z,BMF Media Information Technology GmbH / ProVis4,RONAL wheel configurator,https://www.ronal-wheels.com/int/configurator-promo,RONAL-ae2f6cc4-64cd-c4ea-33a3-d38c43994ce8,Volvo,Volvo,XC40,XC40,K0005106,XC40 (X/Facelift) 2022 - ,SUV,XC40,X,2022,,80,184,P00051060109946,XC40 P8 AWD,Electrical,218,160,All-wheel drive,,P00051060109946,Volvo,X,218 PS / 160 kW,https://images002.bmf-application.com/optimized/PKW/240x120/VOLVO020.png,https://www.ronal-wheels.com/int/configurator-promo,ok,
SCRAPED_RONAL_BMF_RESEARCH_ONLY,false,2026-08-03T22:53:31.241Z,BMF Media Information Technology GmbH / ProVis4,RONAL wheel configurator,https://www.ronal-wheels.com/int/configurator-promo,RONAL-ae2f6cc4-64cd-c4ea-33a3-d38c43994ce8,Volvo,Volvo,XC40,XC40,K0005106,XC40 (X/Facelift) 2022 - ,SUV,XC40,X,2022,,80,184,P00051060111071,XC40 Recharge,Electrical,174,128,front wheel drive ,,P00051060111071,Volvo,X,174 PS / 128 kW,https://images002.bmf-application.com/optimized/PKW/240x120/VOLVO020.png,https://www.ronal-wheels.com/int/configurator-promo,ok,
SCRAPED_RONAL_BMF_RESEARCH_ONLY,false,2026-08-03T22:53:31.241Z,BMF Media Information Technology GmbH / ProVis4,RONAL wheel configurator,https://www.ronal-wheels.com/int/configurator-promo,RONAL-ae2f6cc4-64cd-c4ea-33a3-d38c43994ce8,Volvo,Volvo,XC40,XC40,K0005106,XC40 (X/Facelift) 2022 - ,SUV,XC40,X,2022,,80,184,P00051060111072,XC40 Recharge,Electrical,249,183,All-wheel drive,,P00051060111072,Volvo,X,249 PS / 183 kW,https://images002.bmf-application.com/optimized/PKW/240x120/VOLVO020.png,https://www.ronal-wheels.com/int/configurator-promo,ok,
SCRAPED_RONAL_BMF_RESEARCH_ONLY,false,2026-08-03T22:53:31.241Z,BMF Media Information Technology GmbH / ProVis4,RONAL wheel configurator,https://www.ronal-wheels.com/int/configurator-promo,RONAL-ae2f6cc4-64cd-c4ea-33a3-d38c43994ce8,Volvo,Volvo,XC40,XC40,K0005106,XC40 (X/Facelift) 2022 - ,SUV,XC40,X,2022,,80,184,P00051060111598,XC40 Recharge,Electrical,163,120,front wheel drive ,,P00051060111598,Volvo,X,163 PS / 120 kW,https://images002.bmf-application.com/optimized/PKW/240x120/VOLVO020.png,https://www.ronal-wheels.com/int/configurator-promo,ok,
SCRAPED_RONAL_BMF_RESEARCH_ONLY,false,2026-08-03T22:53:31.241Z,BMF Media Information Technology GmbH / ProVis4,RONAL wheel configurator,https://www.ronal-wheels.com/int/configurator-promo,RONAL-ae2f6cc4-64cd-c4ea-33a3-d38c43994ce8,VW,VW,Crafter,Crafter,K0004214,Crafter (SYN../SZN..) 2017 - ,Transporter,Crafter,SYN../SZN..,2017,,75,130,P00042140101560,Crafter Elektro,Electrical,136,100,rear wheel drive,,P00042140101560,VW,SYN../SZN..,136 PS / 100 kW,https://images002.bmf-application.com/optimized/PKW/240x120/VWCRA17Y.png,https://www.ronal-wheels.com/int/configurator-promo,ok,
SCRAPED_RONAL_BMF_RESEARCH_ONLY,false,2026-08-03T22:53:31.241Z,BMF Media Information Technology GmbH / ProVis4,RONAL wheel configurator,https://www.ronal-wheels.com/int/configurator-promo,RONAL-ae2f6cc4-64cd-c4ea-33a3-d38c43994ce8,VW,VW,Crafter,Crafter,K0004598,Crafter Camper (SYM...) 2019 - ,Camper,Crafter Camper,SYM...,2019,,100,130,P00045980104044,Crafter Elektro,Electrical,136,100,front wheel drive ,,P00045980104044,VW,SYM...,136 PS / 100 kW,noimage.png,https://www.ronal-wheels.com/int/configurator-promo,ok,
SCRAPED_RONAL_BMF_RESEARCH_ONLY,false,2026-08-03T22:53:31.241Z,BMF Media Information Technology GmbH / ProVis4,RONAL wheel configurator,https://www.ronal-wheels.com/int/configurator-promo,RONAL-ae2f6cc4-64cd-c4ea-33a3-d38c43994ce8,VW,VW,Golf%20VI,Golf VI,K0002591,Golf (1K) 2008 - 2012,Hatchback,Golf,1K,2008,2012,59,125,P00025910096580,e-Golf (Elektro),Electrical,88,65,front wheel drive ,,P00025910096580,VW,1K,88 PS / 65 kW,https://images002.bmf-application.com/optimized/PKW/240x120/VW0012.png,https://www.ronal-wheels.com/int/configurator-promo,ok,
SCRAPED_RONAL_BMF_RESEARCH_ONLY,false,2026-08-03T22:53:31.241Z,BMF Media Information Technology GmbH / ProVis4,RONAL wheel configurator,https://www.ronal-wheels.com/int/configurator-promo,RONAL-ae2f6cc4-64cd-c4ea-33a3-d38c43994ce8,VW,VW,Golf%20VII,Golf VII,K0004076,e-Golf (AU) 2014 - 2017,Hatchback,e-Golf,AU,2014,2017,85,85,P00040760085758,e-Golf,Electrical,116,85,front wheel drive ,,P00040760085758,VW,AU,116 PS / 85 kW,https://images002.bmf-application.com/optimized/PKW/240x120/VW0046.png,https://www.ronal-wheels.com/int/configurator-promo,ok,
SCRAPED_RONAL_BMF_RESEARCH_ONLY,false,2026-08-03T22:53:31.241Z,BMF Media Information Technology GmbH / ProVis4,RONAL wheel configurator,https://www.ronal-wheels.com/int/configurator-promo,RONAL-ae2f6cc4-64cd-c4ea-33a3-d38c43994ce8,VW,VW,Golf%20VII,Golf VII,K0004228,e-Golf (AU/Facelift) 2017 - 2020,Hatchback,e-Golf,AU,2017,2020,100,100,P00042280098181,e-Golf,Electrical,136,100,front wheel drive ,,P00042280098181,VW,AU,136 PS / 100 kW,https://images002.bmf-application.com/optimized/PKW/240x120/VW0054.png,https://www.ronal-wheels.com/int/configurator-promo,ok,
SCRAPED_RONAL_BMF_RESEARCH_ONLY,false,2026-08-03T22:53:31.241Z,BMF Media Information Technology GmbH / ProVis4,RONAL wheel configurator,https://www.ronal-wheels.com/int/configurator-promo,RONAL-ae2f6cc4-64cd-c4ea-33a3-d38c43994ce8,VW,VW,ID.3,ID.3,K0004801,ID.3 (E1) 2020 - 2023,Hatchback,ID.3,E1,2020,2023,70,70,P00048010106039,ID.3 Pro Performance (150kW),Electrical,95,70,rear wheel drive,,P00048010106039,VW,E1,95 PS / 70 kW,https://images002.bmf-application.com/optimized/PKW/240x120/VW082.png,https://www.ronal-wheels.com/int/configurator-promo,ok,
SCRAPED_RONAL_BMF_RESEARCH_ONLY,false,2026-08-03T22:53:31.241Z,BMF Media Information Technology GmbH / ProVis4,RONAL wheel configurator,https://www.ronal-wheels.com/int/configurator-promo,RONAL-ae2f6cc4-64cd-c4ea-33a3-d38c43994ce8,VW,VW,ID.3,ID.3,K0004801,ID.3 (E1) 2020 - 2023,Hatchback,ID.3,E1,2020,2023,70,70,P00048010106174,ID.3 Pro S (150kW),Electrical,95,70,rear wheel drive,,P00048010106174,VW,E1,95 PS / 70 kW,https://images002.bmf-application.com/optimized/PKW/240x120/VW082.png,https://www.ronal-wheels.com/int/configurator-promo,ok,
SCRAPED_RONAL_BMF_RESEARCH_ONLY,false,2026-08-03T22:53:31.241Z,BMF Media Information Technology GmbH / ProVis4,RONAL wheel configurator,https://www.ronal-wheels.com/int/configurator-promo,RONAL-ae2f6cc4-64cd-c4ea-33a3-d38c43994ce8,VW,VW,ID.3,ID.3,K0004801,ID.3 (E1) 2020 - 2023,Hatchback,ID.3,E1,2020,2023,70,70,P00048010107287,ID.3 Pro (107kW),Electrical,95,70,rear wheel drive,,P00048010107287,VW,E1,95 PS / 70 kW,https://images002.bmf-application.com/optimized/PKW/240x120/VW082.png,https://www.ronal-wheels.com/int/configurator-promo,ok,
SCRAPED_RONAL_BMF_RESEARCH_ONLY,false,2026-08-03T22:53:31.241Z,BMF Media Information Technology GmbH / ProVis4,RONAL wheel configurator,https://www.ronal-wheels.com/int/configurator-promo,RONAL-ae2f6cc4-64cd-c4ea-33a3-d38c43994ce8,VW,VW,ID.3,ID.3,K0004801,ID.3 (E1) 2020 - 2023,Hatchback,ID.3,E1,2020,2023,70,70,P00048010107780,ID.3 Pure (110kW),Electrical,95,70,rear wheel drive,,P00048010107780,VW,E1,95 PS / 70 kW,https://images002.bmf-application.com/optimized/PKW/240x120/VW082.png,https://www.ronal-wheels.com/int/configurator-promo,ok,
SCRAPED_RONAL_BMF_RESEARCH_ONLY,false,2026-08-03T22:53:31.241Z,BMF Media Information Technology GmbH / ProVis4,RONAL wheel configurator,https://www.ronal-wheels.com/int/configurator-promo,RONAL-ae2f6cc4-64cd-c4ea-33a3-d38c43994ce8,VW,VW,ID.3,ID.3,K0004801,ID.3 (E1) 2020 - 2023,Hatchback,ID.3,E1,2020,2023,70,70,P00048010109527,ID.3 Pure (93 KW),Electrical,95,70,rear wheel drive,,P00048010109527,VW,E1,95 PS / 70 kW,https://images002.bmf-application.com/optimized/PKW/240x120/VW082.png,https://www.ronal-wheels.com/int/configurator-promo,ok,
SCRAPED_RONAL_BMF_RESEARCH_ONLY,false,2026-08-03T22:53:31.241Z,BMF Media Information Technology GmbH / ProVis4,RONAL wheel configurator,https://www.ronal-wheels.com/int/configurator-promo,RONAL-ae2f6cc4-64cd-c4ea-33a3-d38c43994ce8,VW,VW,ID.3,ID.3,K0005277,ID.3 (E1/Facelift) 2023 - ,Hatchback,ID.3,E1,2023,,70,70,P00052770111236,ID.3 Pure 93 kW,Electrical,95,70,rear wheel drive,,P00052770111236,VW,E1,95 PS / 70 kW,https://images002.bmf-application.com/optimized/PKW/240x120/VW123.png,https://www.ronal-wheels.com/int/configurator-promo,ok,
SCRAPED_RONAL_BMF_RESEARCH_ONLY,false,2026-08-03T22:53:31.241Z,BMF Media Information Technology GmbH / ProVis4,RONAL wheel configurator,https://www.ronal-wheels.com/int/configurator-promo,RONAL-ae2f6cc4-64cd-c4ea-33a3-d38c43994ce8,VW,VW,ID.3,ID.3,K0005277,ID.3 (E1/Facelift) 2023 - ,Hatchback,ID.3,E1,2023,,70,70,P00052770111237,ID.3 Pure 110 kW,Electrical,95,70,rear wheel drive,,P00052770111237,VW,E1,95 PS / 70 kW,https://images002.bmf-application.com/optimized/PKW/240x120/VW123.png,https://www.ronal-wheels.com/int/configurator-promo,ok,
SCRAPED_RONAL_BMF_RESEARCH_ONLY,false,2026-08-03T22:53:31.241Z,BMF Media Information Technology GmbH / ProVis4,RONAL wheel configurator,https://www.ronal-wheels.com/int/configurator-promo,RONAL-ae2f6cc4-64cd-c4ea-33a3-d38c43994ce8,VW,VW,ID.3,ID.3,K0005277,ID.3 (E1/Facelift) 2023 - ,Hatchback,ID.3,E1,2023,,70,70,P00052770111238,ID.3 Pro S 150 kW,Electrical,95,70,rear wheel drive,,P00052770111238,VW,E1,95 PS / 70 kW,https://images002.bmf-application.com/optimized/PKW/240x120/VW123.png,https://www.ronal-wheels.com/int/configurator-promo,ok,
SCRAPED_RONAL_BMF_RESEARCH_ONLY,false,2026-08-03T22:53:31.241Z,BMF Media Information Technology GmbH / ProVis4,RONAL wheel configurator,https://www.ronal-wheels.com/int/configurator-promo,RONAL-ae2f6cc4-64cd-c4ea-33a3-d38c43994ce8,VW,VW,ID.3,ID.3,K0005277,ID.3 (E1/Facelift) 2023 - ,Hatchback,ID.3,E1,2023,,70,70,P00052770111239,ID.3 Pro 150 kW,Electrical,95,70,rear wheel drive,,P00052770111239,VW,E1,95 PS / 70 kW,https://images002.bmf-application.com/optimized/PKW/240x120/VW123.png,https://www.ronal-wheels.com/int/configurator-promo,ok,
SCRAPED_RONAL_BMF_RESEARCH_ONLY,false,2026-08-03T22:53:31.241Z,BMF Media Information Technology GmbH / ProVis4,RONAL wheel configurator,https://www.ronal-wheels.com/int/configurator-promo,RONAL-ae2f6cc4-64cd-c4ea-33a3-d38c43994ce8,VW,VW,ID.3,ID.3,K0005277,ID.3 (E1/Facelift) 2023 - ,Hatchback,ID.3,E1,2023,,70,70,P00052770111240,ID.3 Pro 107 kW,Electrical,95,70,rear wheel drive,,P00052770111240,VW,E1,95 PS / 70 kW,https://images002.bmf-application.com/optimized/PKW/240x120/VW123.png,https://www.ronal-wheels.com/int/configurator-promo,ok,
SCRAPED_RONAL_BMF_RESEARCH_ONLY,false,2026-08-03T22:53:31.241Z,BMF Media Information Technology GmbH / ProVis4,RONAL wheel configurator,https://www.ronal-wheels.com/int/configurator-promo,RONAL-ae2f6cc4-64cd-c4ea-33a3-d38c43994ce8,VW,VW,ID.3,ID.3,K0005277,ID.3 (E1/Facelift) 2023 - ,Hatchback,ID.3,E1,2023,,70,70,P00052770124169,ID.3 Pro S Performance 170 kW,Electrical,95,70,rear wheel drive,,P00052770124169,VW,E1,95 PS / 70 kW,https://images002.bmf-application.com/optimized/PKW/240x120/VW123.png,https://www.ronal-wheels.com/int/configurator-promo,ok,
SCRAPED_RONAL_BMF_RESEARCH_ONLY,false,2026-08-03T22:53:31.241Z,BMF Media Information Technology GmbH / ProVis4,RONAL wheel configurator,https://www.ronal-wheels.com/int/configurator-promo,RONAL-ae2f6cc4-64cd-c4ea-33a3-d38c43994ce8,VW,VW,ID.3,ID.3,K0005277,ID.3 (E1/Facelift) 2023 - ,Hatchback,ID.3,E1,2023,,70,70,P00052770124466,ID.3 Pure 125 kW,Electrical,95,70,rear wheel drive,,P00052770124466,VW,E1,95 PS / 70 kW,https://images002.bmf-application.com/optimized/PKW/240x120/VW123.png,https://www.ronal-wheels.com/int/configurator-promo,ok,
SCRAPED_RONAL_BMF_RESEARCH_ONLY,false,2026-08-03T22:53:31.241Z,BMF Media Information Technology GmbH / ProVis4,RONAL wheel configurator,https://www.ronal-wheels.com/int/configurator-promo,RONAL-ae2f6cc4-64cd-c4ea-33a3-d38c43994ce8,VW,VW,ID.4,ID.4,K0004831,ID.4 Pro (E2) 2020 - ,SUV,ID.4 Pro,E2,2020,,70,89,P00048310106791,ID.4 Pro Performance 150 kW,Electrical,95,70,rear wheel drive,,P00048310106791,VW,E2,95 PS / 70 kW,https://images002.bmf-application.com/optimized/PKW/240x120/VW091.png,https://www.ronal-wheels.com/int/configurator-promo,ok,
SCRAPED_RONAL_BMF_RESEARCH_ONLY,false,2026-08-03T22:53:31.241Z,BMF Media Information Technology GmbH / ProVis4,RONAL wheel configurator,https://www.ronal-wheels.com/int/configurator-promo,RONAL-ae2f6cc4-64cd-c4ea-33a3-d38c43994ce8,VW,VW,ID.4,ID.4,K0004831,ID.4 Pro (E2) 2020 - ,SUV,ID.4 Pro,E2,2020,,70,89,P00048310109526,ID.4 Pro 128 kW,Electrical,95,70,rear wheel drive,,P00048310109526,VW,E2,95 PS / 70 kW,https://images002.bmf-application.com/optimized/PKW/240x120/VW091.png,https://www.ronal-wheels.com/int/configurator-promo,ok,
SCRAPED_RONAL_BMF_RESEARCH_ONLY,false,2026-08-03T22:53:31.241Z,BMF Media Information Technology GmbH / ProVis4,RONAL wheel configurator,https://www.ronal-wheels.com/int/configurator-promo,RONAL-ae2f6cc4-64cd-c4ea-33a3-d38c43994ce8,VW,VW,ID.4,ID.4,K0004831,ID.4 Pro (E2) 2020 - ,SUV,ID.4 Pro,E2,2020,,70,89,P00048310110215,ID.4 Pro 4Motion 195 kW,Electrical,105,77,All-wheel drive,,P00048310110215,VW,E2,105 PS / 77 kW,https://images002.bmf-application.com/optimized/PKW/240x120/VW091.png,https://www.ronal-wheels.com/int/configurator-promo,ok,
SCRAPED_RONAL_BMF_RESEARCH_ONLY,false,2026-08-03T22:53:31.241Z,BMF Media Information Technology GmbH / ProVis4,RONAL wheel configurator,https://www.ronal-wheels.com/int/configurator-promo,RONAL-ae2f6cc4-64cd-c4ea-33a3-d38c43994ce8,VW,VW,ID.4,ID.4,K0004831,ID.4 Pro (E2) 2020 - ,SUV,ID.4 Pro,E2,2020,,70,89,P00048310116078,ID.4 Pro 4Motion 210 kW,Electrical,105,77,All-wheel drive,,P00048310116078,VW,E2,105 PS / 77 kW,https://images002.bmf-application.com/optimized/PKW/240x120/VW091.png,https://www.ronal-wheels.com/int/configurator-promo,ok,
SCRAPED_RONAL_BMF_RESEARCH_ONLY,false,2026-08-03T22:53:31.241Z,BMF Media Information Technology GmbH / ProVis4,RONAL wheel configurator,https://www.ronal-wheels.com/int/configurator-promo,RONAL-ae2f6cc4-64cd-c4ea-33a3-d38c43994ce8,VW,VW,ID.4,ID.4,K0004831,ID.4 Pro (E2) 2020 - ,SUV,ID.4 Pro,E2,2020,,70,89,P00048310116079,ID.4 Pro 210 kW,Electrical,121,89,rear wheel drive,,P00048310116079,VW,E2,121 PS / 89 kW,https://images002.bmf-application.com/optimized/PKW/240x120/VW091.png,https://www.ronal-wheels.com/int/configurator-promo,ok,
SCRAPED_RONAL_BMF_RESEARCH_ONLY,false,2026-08-03T22:53:31.241Z,BMF Media Information Technology GmbH / ProVis4,RONAL wheel configurator,https://www.ronal-wheels.com/int/configurator-promo,RONAL-ae2f6cc4-64cd-c4ea-33a3-d38c43994ce8,VW,VW,ID.4,ID.4,K0004831,ID.4 Pro (E2) 2020 - ,SUV,ID.4 Pro,E2,2020,,70,89,P00048310128682,ID.4 Pro 4Motion 220 kW,Electrical,105,77,All-wheel drive,,P00048310128682,VW,E2,105 PS / 77 kW,https://images002.bmf-application.com/optimized/PKW/240x120/VW091.png,https://www.ronal-wheels.com/int/configurator-promo,ok,
SCRAPED_RONAL_BMF_RESEARCH_ONLY,false,2026-08-03T22:53:31.241Z,BMF Media Information Technology GmbH / ProVis4,RONAL wheel configurator,https://www.ronal-wheels.com/int/configurator-promo,RONAL-ae2f6cc4-64cd-c4ea-33a3-d38c43994ce8,VW,VW,ID.4,ID.4,K0005392,ID.4 Pure (E2) 2021 - ,SUV,ID.4 Pure,E2,2021,,70,70,P00053920107983,ID.4 Pure 109 kW,Electrical,95,70,rear wheel drive,,P00053920107983,VW,E2,95 PS / 70 kW,https://images002.bmf-application.com/optimized/PKW/240x120/VW091P.png,https://www.ronal-wheels.com/int/configurator-promo,ok,
SCRAPED_RONAL_BMF_RESEARCH_ONLY,false,2026-08-03T22:53:31.241Z,BMF Media Information Technology GmbH / ProVis4,RONAL wheel configurator,https://www.ronal-wheels.com/int/configurator-promo,RONAL-ae2f6cc4-64cd-c4ea-33a3-d38c43994ce8,VW,VW,ID.4,ID.4,K0005392,ID.4 Pure (E2) 2021 - ,SUV,ID.4 Pure,E2,2021,,70,70,P00053920107984,ID.4 Pure 125 kW,Electrical,95,70,rear wheel drive,,P00053920107984,VW,E2,95 PS / 70 kW,https://images002.bmf-application.com/optimized/PKW/240x120/VW091P.png,https://www.ronal-wheels.com/int/configurator-promo,ok,
SCRAPED_RONAL_BMF_RESEARCH_ONLY,false,2026-08-03T22:53:31.241Z,BMF Media Information Technology GmbH / ProVis4,RONAL wheel configurator,https://www.ronal-wheels.com/int/configurator-promo,RONAL-ae2f6cc4-64cd-c4ea-33a3-d38c43994ce8,VW,VW,ID.4,ID.4,K0005392,ID.4 Pure (E2) 2021 - ,SUV,ID.4 Pure,E2,2021,,70,70,P00053920128681,ID.4 Pure 140 KW,Electrical,95,70,rear wheel drive,,P00053920128681,VW,E2,95 PS / 70 kW,https://images002.bmf-application.com/optimized/PKW/240x120/VW091P.png,https://www.ronal-wheels.com/int/configurator-promo,ok,
SCRAPED_RONAL_BMF_RESEARCH_ONLY,false,2026-08-03T22:53:31.241Z,BMF Media Information Technology GmbH / ProVis4,RONAL wheel configurator,https://www.ronal-wheels.com/int/configurator-promo,RONAL-ae2f6cc4-64cd-c4ea-33a3-d38c43994ce8,VW,VW,ID.5,ID.5,K0005008,ID.5 (E2) 2022 - ,SUV,ID.5,E2,2022,,70,89,P00050080108578,ID.5 Pro 150 kW,Electrical,95,70,rear wheel drive,,P00050080108578,VW,E2,95 PS / 70 kW,https://images002.bmf-application.com/optimized/PKW/240x120/VW105.png,https://www.ronal-wheels.com/int/configurator-promo,ok,
SCRAPED_RONAL_BMF_RESEARCH_ONLY,false,2026-08-03T22:53:31.241Z,BMF Media Information Technology GmbH / ProVis4,RONAL wheel configurator,https://www.ronal-wheels.com/int/configurator-promo,RONAL-ae2f6cc4-64cd-c4ea-33a3-d38c43994ce8,VW,VW,ID.5,ID.5,K0005008,ID.5 (E2) 2022 - ,SUV,ID.5,E2,2022,,70,89,P00050080109525,ID.5 Pro 128 kW,Electrical,95,70,rear wheel drive,,P00050080109525,VW,E2,95 PS / 70 kW,https://images002.bmf-application.com/optimized/PKW/240x120/VW105.png,https://www.ronal-wheels.com/int/configurator-promo,ok,
SCRAPED_RONAL_BMF_RESEARCH_ONLY,false,2026-08-03T22:53:31.241Z,BMF Media Information Technology GmbH / ProVis4,RONAL wheel configurator,https://www.ronal-wheels.com/int/configurator-promo,RONAL-ae2f6cc4-64cd-c4ea-33a3-d38c43994ce8,VW,VW,ID.5,ID.5,K0005008,ID.5 (E2) 2022 - ,SUV,ID.5,E2,2022,,70,89,P00050080116077,ID.5 Pro 210 kW,Electrical,121,89,rear wheel drive,,P00050080116077,VW,E2,121 PS / 89 kW,https://images002.bmf-application.com/optimized/PKW/240x120/VW105.png,https://www.ronal-wheels.com/int/configurator-promo,ok,
SCRAPED_RONAL_BMF_RESEARCH_ONLY,false,2026-08-03T22:53:31.241Z,BMF Media Information Technology GmbH / ProVis4,RONAL wheel configurator,https://www.ronal-wheels.com/int/configurator-promo,RONAL-ae2f6cc4-64cd-c4ea-33a3-d38c43994ce8,VW,VW,ID.5,ID.5,K0005008,ID.5 (E2) 2022 - ,SUV,ID.5,E2,2022,,70,89,P00050080124465,ID.5 Pure 125 kW,Electrical,95,70,rear wheel drive,,P00050080124465,VW,E2,95 PS / 70 kW,https://images002.bmf-application.com/optimized/PKW/240x120/VW105.png,https://www.ronal-wheels.com/int/configurator-promo,ok,
SCRAPED_RONAL_BMF_RESEARCH_ONLY,false,2026-08-03T22:53:31.241Z,BMF Media Information Technology GmbH / ProVis4,RONAL wheel configurator,https://www.ronal-wheels.com/int/configurator-promo,RONAL-ae2f6cc4-64cd-c4ea-33a3-d38c43994ce8,VW,VW,ID.5,ID.5,K0005008,ID.5 (E2) 2022 - ,SUV,ID.5,E2,2022,,70,89,P00050080128679,ID.5 Pro 4Motion 220KW,Electrical,105,77,All-wheel drive,,P00050080128679,VW,E2,105 PS / 77 kW,https://images002.bmf-application.com/optimized/PKW/240x120/VW105.png,https://www.ronal-wheels.com/int/configurator-promo,ok,
SCRAPED_RONAL_BMF_RESEARCH_ONLY,false,2026-08-03T22:53:31.241Z,BMF Media Information Technology GmbH / ProVis4,RONAL wheel configurator,https://www.ronal-wheels.com/int/configurator-promo,RONAL-ae2f6cc4-64cd-c4ea-33a3-d38c43994ce8,VW,VW,ID.5,ID.5,K0005008,ID.5 (E2) 2022 - ,SUV,ID.5,E2,2022,,70,89,P00050080128680,ID.5 Pure 140KW,Electrical,95,70,rear wheel drive,,P00050080128680,VW,E2,95 PS / 70 kW,https://images002.bmf-application.com/optimized/PKW/240x120/VW105.png,https://www.ronal-wheels.com/int/configurator-promo,ok,
SCRAPED_RONAL_BMF_RESEARCH_ONLY,false,2026-08-03T22:53:31.241Z,BMF Media Information Technology GmbH / ProVis4,RONAL wheel configurator,https://www.ronal-wheels.com/int/configurator-promo,RONAL-ae2f6cc4-64cd-c4ea-33a3-d38c43994ce8,VW,VW,ID.7,ID.7,K0005326,ID.7 (ED) 2023 - ,Saloon,ID.7,ED,2023,,89,89,P00053260111625,ID.7 Pro 210 kW,Electrical,121,89,rear wheel drive,,P00053260111625,VW,ED,121 PS / 89 kW,https://images002.bmf-application.com/optimized/PKW/240x120/VW127.png,https://www.ronal-wheels.com/int/configurator-promo,ok,
SCRAPED_RONAL_BMF_RESEARCH_ONLY,false,2026-08-03T22:53:31.241Z,BMF Media Information Technology GmbH / ProVis4,RONAL wheel configurator,https://www.ronal-wheels.com/int/configurator-promo,RONAL-ae2f6cc4-64cd-c4ea-33a3-d38c43994ce8,VW,VW,ID.7,ID.7,K0005326,ID.7 (ED) 2023 - ,Saloon,ID.7,ED,2023,,89,89,P00053260124436,ID.7 Pro S,Electrical,121,89,rear wheel drive,,P00053260124436,VW,ED,121 PS / 89 kW,https://images002.bmf-application.com/optimized/PKW/240x120/VW127.png,https://www.ronal-wheels.com/int/configurator-promo,ok,
SCRAPED_RONAL_BMF_RESEARCH_ONLY,false,2026-08-03T22:53:31.241Z,BMF Media Information Technology GmbH / ProVis4,RONAL wheel configurator,https://www.ronal-wheels.com/int/configurator-promo,RONAL-ae2f6cc4-64cd-c4ea-33a3-d38c43994ce8,VW,VW,ID.7,ID.7,K0005569,ID.7 GTX (ED) 2024 - ,Saloon,ID.7 GTX,ED,2024,,90,90,P00055690124439,ID.7 GTX,Electrical,122,90,rear wheel drive,,P00055690124439,VW,ED,122 PS / 90 kW,https://images002.bmf-application.com/optimized/PKW/240x120/VW138.png,https://www.ronal-wheels.com/int/configurator-promo,ok,
SCRAPED_RONAL_BMF_RESEARCH_ONLY,false,2026-08-03T22:53:31.241Z,BMF Media Information Technology GmbH / ProVis4,RONAL wheel configurator,https://www.ronal-wheels.com/int/configurator-promo,RONAL-ae2f6cc4-64cd-c4ea-33a3-d38c43994ce8,VW,VW,ID.7,ID.7,K0005567,ID.7 Tourer (ED) 2024 - ,Estate,ID.7 Tourer,ED,2024,,89,89,P00055670124437,ID.7 Tourer Pro,Electrical,121,89,rear wheel drive,,P00055670124437,VW,ED,121 PS / 89 kW,https://images002.bmf-application.com/optimized/PKW/240x120/VW139.png,https://www.ronal-wheels.com/int/configurator-promo,ok,
SCRAPED_RONAL_BMF_RESEARCH_ONLY,false,2026-08-03T22:53:31.241Z,BMF Media Information Technology GmbH / ProVis4,RONAL wheel configurator,https://www.ronal-wheels.com/int/configurator-promo,RONAL-ae2f6cc4-64cd-c4ea-33a3-d38c43994ce8,VW,VW,ID.7,ID.7,K0005567,ID.7 Tourer (ED) 2024 - ,Estate,ID.7 Tourer,ED,2024,,89,89,P00055670124438,ID.7 Tourer Pro S,Electrical,121,89,rear wheel drive,,P00055670124438,VW,ED,121 PS / 89 kW,https://images002.bmf-application.com/optimized/PKW/240x120/VW139.png,https://www.ronal-wheels.com/int/configurator-promo,ok,
SCRAPED_RONAL_BMF_RESEARCH_ONLY,false,2026-08-03T22:53:31.241Z,BMF Media Information Technology GmbH / ProVis4,RONAL wheel configurator,https://www.ronal-wheels.com/int/configurator-promo,RONAL-ae2f6cc4-64cd-c4ea-33a3-d38c43994ce8,VW,VW,ID.7,ID.7,K0005568,ID.7 Tourer GTX (ED) 2024 - ,Estate,ID.7 Tourer GTX,ED,2024,,90,90,P00055680124440,ID.7 Tourer GTX,Electrical,122,90,All-wheel drive,,P00055680124440,VW,ED,122 PS / 90 kW,https://images002.bmf-application.com/optimized/PKW/240x120/VW140.png,https://www.ronal-wheels.com/int/configurator-promo,ok,
SCRAPED_RONAL_BMF_RESEARCH_ONLY,false,2026-08-03T22:53:31.241Z,BMF Media Information Technology GmbH / ProVis4,RONAL wheel configurator,https://www.ronal-wheels.com/int/configurator-promo,RONAL-ae2f6cc4-64cd-c4ea-33a3-d38c43994ce8,VW,VW,ID.Buzz,ID.Buzz,K0005108,ID.Buzz (EB/EBN) 2022 - ,Van,ID.Buzz,EB/EBN,2022,,70,89,P00051080109969,ID. Buzz Pro 150 KW,Electrical,95,70,rear wheel drive,,P00051080109969,VW,EB/EBN,95 PS / 70 kW,https://images002.bmf-application.com/optimized/PKW/240x120/VW108.png,https://www.ronal-wheels.com/int/configurator-promo,ok,
SCRAPED_RONAL_BMF_RESEARCH_ONLY,false,2026-08-03T22:53:31.241Z,BMF Media Information Technology GmbH / ProVis4,RONAL wheel configurator,https://www.ronal-wheels.com/int/configurator-promo,RONAL-ae2f6cc4-64cd-c4ea-33a3-d38c43994ce8,VW,VW,ID.Buzz,ID.Buzz,K0005108,ID.Buzz (EB/EBN) 2022 - ,Van,ID.Buzz,EB/EBN,2022,,70,89,P00051080124462,ID. Buzz Pro (Kurzer Radstand) 210 KW,Electrical,121,89,rear wheel drive,,P00051080124462,VW,EB/EBN,121 PS / 89 kW,https://images002.bmf-application.com/optimized/PKW/240x120/VW108.png,https://www.ronal-wheels.com/int/configurator-promo,ok,
SCRAPED_RONAL_BMF_RESEARCH_ONLY,false,2026-08-03T22:53:31.241Z,BMF Media Information Technology GmbH / ProVis4,RONAL wheel configurator,https://www.ronal-wheels.com/int/configurator-promo,RONAL-ae2f6cc4-64cd-c4ea-33a3-d38c43994ce8,VW,VW,ID.Buzz,ID.Buzz,K0005108,ID.Buzz (EB/EBN) 2022 - ,Van,ID.Buzz,EB/EBN,2022,,70,89,P00051080124463,ID. Buzz Pro (Langer Radstand) 210 kW,Electrical,121,89,rear wheel drive,,P00051080124463,VW,EB/EBN,121 PS / 89 kW,https://images002.bmf-application.com/optimized/PKW/240x120/VW108.png,https://www.ronal-wheels.com/int/configurator-promo,ok,
SCRAPED_RONAL_BMF_RESEARCH_ONLY,false,2026-08-03T22:53:31.241Z,BMF Media Information Technology GmbH / ProVis4,RONAL wheel configurator,https://www.ronal-wheels.com/int/configurator-promo,RONAL-ae2f6cc4-64cd-c4ea-33a3-d38c43994ce8,VW,VW,ID.Buzz,ID.Buzz,K0005108,ID.Buzz (EB/EBN) 2022 - ,Van,ID.Buzz,EB/EBN,2022,,70,89,P00051080126130,ID. Buzz Pure 125 KW (Kurzer Radstand),Electrical,95,70,rear wheel drive,,P00051080126130,VW,EB/EBN,95 PS / 70 kW,https://images002.bmf-application.com/optimized/PKW/240x120/VW108.png,https://www.ronal-wheels.com/int/configurator-promo,ok,
SCRAPED_RONAL_BMF_RESEARCH_ONLY,false,2026-08-03T22:53:31.241Z,BMF Media Information Technology GmbH / ProVis4,RONAL wheel configurator,https://www.ronal-wheels.com/int/configurator-promo,RONAL-ae2f6cc4-64cd-c4ea-33a3-d38c43994ce8,VW,VW,ID.Buzz,ID.Buzz,K0005108,ID.Buzz (EB/EBN) 2022 - ,Van,ID.Buzz,EB/EBN,2022,,70,89,P00051080128685,ID. Buzz Pure KR 140 KW,Electrical,95,70,rear wheel drive,,P00051080128685,VW,EB/EBN,95 PS / 70 kW,https://images002.bmf-application.com/optimized/PKW/240x120/VW108.png,https://www.ronal-wheels.com/int/configurator-promo,ok,
SCRAPED_RONAL_BMF_RESEARCH_ONLY,false,2026-08-03T22:53:31.241Z,BMF Media Information Technology GmbH / ProVis4,RONAL wheel configurator,https://www.ronal-wheels.com/int/configurator-promo,RONAL-ae2f6cc4-64cd-c4ea-33a3-d38c43994ce8,VW,VW,ID.Buzz,ID.Buzz,K0005139,ID.Buzz Cargo (EB/EBN) 2022 - ,Transporter,ID.Buzz Cargo,EB/EBN,2022,,70,89,P00051390109970,ID.Buzz Cargo 150kW,Electrical,95,70,rear wheel drive,,P00051390109970,VW,EB/EBN,95 PS / 70 kW,https://images002.bmf-application.com/optimized/PKW/240x120/VW109.png,https://www.ronal-wheels.com/int/configurator-promo,ok,
SCRAPED_RONAL_BMF_RESEARCH_ONLY,false,2026-08-03T22:53:31.241Z,BMF Media Information Technology GmbH / ProVis4,RONAL wheel configurator,https://www.ronal-wheels.com/int/configurator-promo,RONAL-ae2f6cc4-64cd-c4ea-33a3-d38c43994ce8,VW,VW,ID.Buzz,ID.Buzz,K0005139,ID.Buzz Cargo (EB/EBN) 2022 - ,Transporter,ID.Buzz Cargo,EB/EBN,2022,,70,89,P00051390124461,ID.Buzz Cargo Pro 210 KW,Electrical,121,89,rear wheel drive,,P00051390124461,VW,EB/EBN,121 PS / 89 kW,https://images002.bmf-application.com/optimized/PKW/240x120/VW109.png,https://www.ronal-wheels.com/int/configurator-promo,ok,
SCRAPED_RONAL_BMF_RESEARCH_ONLY,false,2026-08-03T22:53:31.241Z,BMF Media Information Technology GmbH / ProVis4,RONAL wheel configurator,https://www.ronal-wheels.com/int/configurator-promo,RONAL-ae2f6cc4-64cd-c4ea-33a3-d38c43994ce8,VW,VW,ID.Buzz,ID.Buzz,K0005139,ID.Buzz Cargo (EB/EBN) 2022 - ,Transporter,ID.Buzz Cargo,EB/EBN,2022,,70,89,P00051390126958,ID.Buzz Cargo Pure 125 KW,Electrical,95,70,rear wheel drive,,P00051390126958,VW,EB/EBN,95 PS / 70 kW,https://images002.bmf-application.com/optimized/PKW/240x120/VW109.png,https://www.ronal-wheels.com/int/configurator-promo,ok,
SCRAPED_RONAL_BMF_RESEARCH_ONLY,false,2026-08-03T22:53:31.241Z,BMF Media Information Technology GmbH / ProVis4,RONAL wheel configurator,https://www.ronal-wheels.com/int/configurator-promo,RONAL-ae2f6cc4-64cd-c4ea-33a3-d38c43994ce8,VW,VW,UP,UP,K0003083,UP (AA) 2011 - 2016,Hatchback,UP,AA,2011,2016,44,60,P00030830083464,e-UP!,Electrical,82,60,front wheel drive ,,P00030830083464,VW,AA,82 PS / 60 kW,https://images002.bmf-application.com/optimized/PKW/240x120/VW0002.png,https://www.ronal-wheels.com/int/configurator-promo,ok,
SCRAPED_RONAL_BMF_RESEARCH_ONLY,false,2026-08-03T22:53:31.241Z,BMF Media Information Technology GmbH / ProVis4,RONAL wheel configurator,https://www.ronal-wheels.com/int/configurator-promo,RONAL-ae2f6cc4-64cd-c4ea-33a3-d38c43994ce8,VW,VW,UP,UP,K0004119,UP (AA/Facelift) 2016 - ,Hatchback,UP,AA,2016,,44,66,P00041190096123,e-UP!,Electrical,82,60,front wheel drive ,,P00041190096123,VW,AA,82 PS / 60 kW,https://images002.bmf-application.com/optimized/PKW/240x120/VW0047.png,https://www.ronal-wheels.com/int/configurator-promo,ok,
SCRAPED_RONAL_BMF_RESEARCH_ONLY,false,2026-08-03T22:53:31.241Z,BMF Media Information Technology GmbH / ProVis4,RONAL wheel configurator,https://www.ronal-wheels.com/int/configurator-promo,RONAL-ae2f6cc4-64cd-c4ea-33a3-d38c43994ce8,VW,VW,UP,UP,K0004119,UP (AA/Facelift) 2016 - ,Hatchback,UP,AA,2016,,44,66,P00041190104284,e-UP!,Electrical,83,61,front wheel drive ,,P00041190104284,VW,AA,83 PS / 61 kW,https://images002.bmf-application.com/optimized/PKW/240x120/VW0047.png,https://www.ronal-wheels.com/int/configurator-promo,ok,
